"Descriptions:","Unit:","Multiplier:","Currency:","Unique Identifier:","Series Name:",1945Q4,1946Q4,1947Q4,1948Q4,1949Q4,1950Q4,1951Q4,1952Q1,1952Q2,1952Q3,1952Q4,1953Q1,1953Q2,1953Q3,1953Q4,1954Q1,1954Q2,1954Q3,1954Q4,1955Q1,1955Q2,1955Q3,1955Q4,1956Q1,1956Q2,1956Q3,1956Q4,1957Q1,1957Q2,1957Q3,1957Q4,1958Q1,1958Q2,1958Q3,1958Q4,1959Q1,1959Q2,1959Q3,1959Q4,1960Q1,1960Q2,1960Q3,1960Q4,1961Q1,1961Q2,1961Q3,1961Q4,1962Q1,1962Q2,1962Q3,1962Q4,1963Q1,1963Q2,1963Q3,1963Q4,1964Q1,1964Q2,1964Q3,1964Q4,1965Q1,1965Q2,1965Q3,1965Q4,1966Q1,1966Q2,1966Q3,1966Q4,1967Q1,1967Q2,1967Q3,1967Q4,1968Q1,1968Q2,1968Q3,1968Q4,1969Q1,1969Q2,1969Q3,1969Q4,1970Q1,1970Q2,1970Q3,1970Q4,1971Q1,1971Q2,1971Q3,1971Q4,1972Q1,1972Q2,1972Q3,1972Q4,1973Q1,1973Q2,1973Q3,1973Q4,1974Q1,1974Q2,1974Q3,1974Q4,1975Q1,1975Q2,1975Q3,1975Q4,1976Q1,1976Q2,1976Q3,1976Q4,1977Q1,1977Q2,1977Q3,1977Q4,1978Q1,1978Q2,1978Q3,1978Q4,1979Q1,1979Q2,1979Q3,1979Q4,1980Q1,1980Q2,1980Q3,1980Q4,1981Q1,1981Q2,1981Q3,1981Q4,1982Q1,1982Q2,1982Q3,1982Q4,1983Q1,1983Q2,1983Q3,1983Q4,1984Q1,1984Q2,1984Q3,1984Q4,1985Q1,1985Q2,1985Q3,1985Q4,1986Q1,1986Q2,1986Q3,1986Q4,1987Q1,1987Q2,1987Q3,1987Q4,1988Q1,1988Q2,1988Q3,1988Q4,1989Q1,1989Q2,1989Q3,1989Q4,1990Q1,1990Q2,1990Q3,1990Q4,1991Q1,1991Q2,1991Q3,1991Q4,1992Q1,1992Q2,1992Q3,1992Q4,1993Q1,1993Q2,1993Q3,1993Q4,1994Q1,1994Q2,1994Q3,1994Q4,1995Q1,1995Q2,1995Q3,1995Q4,1996Q1,1996Q2,1996Q3,1996Q4,1997Q1,1997Q2,1997Q3,1997Q4,1998Q1,1998Q2,1998Q3,1998Q4,1999Q1,1999Q2,1999Q3,1999Q4,2000Q1,2000Q2,2000Q3,2000Q4,2001Q1,2001Q2,2001Q3,2001Q4,2002Q1,2002Q2,2002Q3,2002Q4,2003Q1,2003Q2,2003Q3,2003Q4,2004Q1,2004Q2,2004Q3,2004Q4,2005Q1,2005Q2,2005Q3,2005Q4,2006Q1,2006Q2,2006Q3,2006Q4,2007Q1,2007Q2,2007Q3,2007Q4,2008Q1,2008Q2,2008Q3,2008Q4,2009Q1,2009Q2,2009Q3,2009Q4,2010Q1,2010Q2,2010Q3,2010Q4,2011Q1,2011Q2,2011Q3,2011Q4,2012Q1,2012Q2,2012Q3,2012Q4,2013Q1,2013Q2,2013Q3,2013Q4,2014Q1,2014Q2,2014Q3,2014Q4,2015Q1,2015Q2,2015Q3,2015Q4,2016Q1,2016Q2,2016Q3,2016Q4,2017Q1,2017Q2,2017Q3,2017Q4,2018Q1,2018Q2,2018Q3,2018Q4,2019Q1,2019Q2,2019Q3,2019Q4,2020Q1,2020Q2,2020Q3,2020Q4,2021Q1,2021Q2,2021Q3,2021Q4,2022Q1,2022Q2,2022Q3,2022Q4,2023Q1,2023Q2,2023Q3,2023Q4,2024Q1,2024Q2,2024Q3,2024Q4,2025Q1,2025Q2,2025Q3,2025Q4,2026Q1
"Households and nonprofit organizations; total assets","Currency","1000000","USD",Z1/Z1/FL152000005.Q,FL152000005.Q,837200,922657,1030667,1092128,1142486,1248246,1366090,1385094,1411929,1427783,1436132,1448829,1455555,1472672,1496856,1519504,1545012,1584701,1607212,1632189,1674424,1719116,1745160,1790019,1805577,1827461,1870250,1884573,1926835,1928251,1948078,1980597,2011466,2069235,2105227,2128286,2163094,2182385,2222783,2231935,2256824,2256755,2315601,2366910,2395773,2436484,2499627,2514005,2426157,2471820,2584247,2621874,2663708,2713000,2716669,2767488,2821452,2874619,2927551,2975323,2982011,3066643,3155924,3166215,3208151,3183356,3278452,3384891,3433387,3526004,3614917,3629486,3780540,3849846,4031834,4048863,4067873,4095198,4124085,4144665,4087695,4222324,4354327,4520652,4608501,4681386,4818473,4984763,5069698,5210151,5475169,5512850,5571543,5773154,5752964,5787999,5791549,5769846,5921639,6174196,6421489,6437033,6627656,6837420,7040830,7181765,7377973,7503834,7721846,7899404,8094419,8290585,8587671,8881371,9105801,9448538,9771889,10101617,10417567,10651022,11015422,11442562,11806335,12009710,12333086,12469682,12814949,12966703,13130392,13359070,13713199,14047304,14395172,14611446,14774639,15066020,15362364,15753985,16110967,16587056,17002576,17300331,17917930,18445026,18887772,19157429,19812864,20441673,20822113,21311983,21313576,21863349,22378827,22779318,23345033,23819374,24335284,24959582,25440955,25549893,25914678,25843728,26365928,26894712,27044601,27425232,28082246,28110646,28272859,28723882,29396895,29740507,30098028,30616776,31162501,31343264,31639482,32123722,32470469,33067564,33765327,34337982,35156555,35779816,36371130,36788576,37626019,37971699,39464335,40618186,41344543,43043455,43901630,43363671,45580533,45980908,47267121,47400925,50113435,51281558,51486678,52315755,51907009,51765028,53252272,52464747,54084444,54896757,54499499,53616078,54791207,55244937,57527065,58696597,60856978,63550019,64756375,66286823,68877549,70005478,71873087,73921667,75630725,78012905,78642011,80092467,81866249,82965191,83968674,85027483,84426387,82360854,81211611,78955323,75516223,73572051,73950382,75689916,75825204,76962105,76353453,78329821,80032985,81090901,81448410,79570478,81013764,82918279,82995038,84899401,85901838,88689180,89967357,92560134,94949271,96640304,98900144,99578123,101221373,102827053,103806882,102964407,104445187,105596071,107438603,109329182,110107097,112516911,114866884,116678391,119458641,120572068,121937789,124180224,119875965,125350404,128449176,129133434,132199662,126396090,134030372,139130911,147749279,153534082,161782352,165744721,170307266,171217715,165744637,162459883,163634528,167325553,173364055,172394313,176785749,182469046,185616241,189900811,190620928,190482710,196975281,202414065,204373493,204539939
"Households and nonprofit organizations; nonfinancial assets","Currency","1000000","USD",Z1/Z1/LM152010005.Q,LM152010005.Q,189327,220716,280815,313686,340071,387297,430932,437115,448848,453488,463998,472950,481976,493036,493418,498301,501395,510860,520894,527830,540617,555200,565453,577329,588163,599569,608073,619052,630622,639377,643776,644343,650043,660430,670313,674223,686600,697397,706020,720531,726936,734741,737552,736009,748133,759552,769614,779404,786518,793692,803569,813441,817641,830885,839163,843874,860173,869241,884104,895205,903703,912541,930933,935818,971316,979816,1005985,1013799,1028915,1047817,1074444,1104944,1130409,1152240,1200814,1233241,1259294,1278066,1308558,1318182,1356658,1362718,1390677,1426998,1460893,1490696,1517841,1570853,1600621,1649560,1714199,1758656,1819083,1891184,1943148,1944362,1962169,2002021,2064417,2142403,2216133,2228768,2286518,2335041,2420317,2471455,2543119,2630011,2742979,2839343,2947334,3042463,3172605,3288652,3407984,3561950,3717513,3845262,3961948,4113142,4223728,4369625,4451130,4514682,4715758,4842006,4916768,5030489,5075194,5096982,5148139,5221901,5290283,5365336,5444411,5648683,5826507,5993672,6150304,6324809,6521392,6732066,6937161,7076987,7264499,7464725,7644160,7820609,8009484,8195217,8330141,8514062,8751511,8929484,9094409,9256889,9431993,9674610,9817681,9869598,9968788,10074386,10083770,10111638,10181563,10251937,10308657,10376685,10441606,10565839,10665051,10695116,10834811,10984914,11136594,11248794,11403891,11554846,11662709,11759561,11881625,11818658,11929586,12072254,12204042,12340969,12485007,12648881,12804605,12977808,13201837,13418950,13732864,14006843,14293333,14491820,14829136,15231603,15542401,15955732,16537262,17067084,17550710,18300878,18748661,19181930,19539098,19996532,20403325,20849883,21311277,21773567,22221213,22668114,23178276,24023201,24785580,25653970,26439541,27241011,28061154,28976263,29772990,29983516,30504157,30893902,31094966,30958707,30983141,30895027,30597862,29790997,29287663,28726818,28106387,27445907,26706796,26335383,26047360,25993180,26021850,25869439,25659966,25402066,25318700,25266739,25230781,25076736,25286429,25592719,25843224,26307355,26938543,27599012,27974898,28243748,28803226,29295426,29662051,30129735,30732482,31226033,31565889,31854364,32555794,33208613,33674239,34101140,34867915,35344230,35877897,36627180,37096702,37620193,37221646,37340995,38566128,38653327,38516367,39580990,40058740,41470622,42799612,44604982,48028562,50287295,51332303,54383340,56890890,55753863,54785935,55141550,57847877,58291907,57666475,58761679,60564819,60315570,60076307,60707431,62001219,61968128,61755054,62934730
"Households and nonprofit organizations; real estate at market value","Currency","1000000","USD",Z1/Z1/LM155035005.Q,LM155035005.Q,134635,158074,206381,229359,246931,278126,308963,311906,322754,324183,334895,340387,347238,357332,355919,357485,361814,371385,379599,384467,394908,406169,414487,424188,433166,440946,445773,453596,461358,468792,471674,468427,474349,484262,493819,493678,504127,513598,521544,534527,539185,545818,547589,545980,556950,567010,576368,584759,590011,594920,603604,611427,612853,623306,628622,630274,643749,649814,662499,669614,675093,681036,696286,696079,726016,728570,748935,753320,762765,774483,794221,817753,836122,849479,889605,914582,932881,945017,968674,973544,1006440,1005793,1025204,1051931,1078498,1104238,1127739,1171254,1192509,1232534,1290675,1322715,1369699,1430284,1472632,1462386,1461485,1475406,1517696,1582858,1642027,1642336,1684206,1717934,1789837,1826561,1880025,1949358,2047570,2125108,2211304,2286391,2392252,2483986,2577511,2704236,2832579,2937035,3025997,3142501,3229277,3354028,3413722,3458906,3637211,3743288,3803851,3903891,3935371,3948646,3989640,4047656,4100094,4154821,4209413,4392635,4541059,4684988,4816923,4960818,5130422,5315273,5492906,5606479,5758746,5910883,6049418,6192570,6345840,6493503,6598723,6753305,6950051,7087072,7207766,7332485,7477745,7685986,7797521,7805824,7877721,7957269,7941478,7938060,7990366,8039250,8080372,8131740,8173842,8277603,8353177,8369244,8478022,8597730,8711537,8798510,8918830,9031651,9110695,9169216,9266309,9181392,9267737,9376466,9491380,9600882,9721287,9854412,9998326,10146530,10341568,10534111,10817203,11058908,11304446,11472035,11762102,12115428,12381209,12733309,13253522,13735375,14161685,14862887,15274669,15672333,15973204,16391677,16749206,17144200,17566024,18001720,18408369,18806222,19264297,20044605,20744028,21575520,22284716,23023567,23775449,24647794,25391919,25542938,26010919,26345884,26501054,26311815,26282821,26153534,25805443,24943693,24408978,23810507,23191131,22538948,21798322,21439284,21116645,21069797,21111710,20962426,20728530,20430121,20297090,20215177,20156115,19959611,20152152,20438634,20654934,21083627,21700693,22341319,22695558,22954561,23487325,23934667,24273809,24710006,25240682,25697992,26004506,26238929,26876309,27500828,27929985,28300506,29038335,29496848,29970268,30647932,31055582,31531125,31070569,31100760,32275251,32315179,32125388,33138848,33613587,34846720,36011853,37672562,40752367,42751113,43521473,46277320,48632359,47325218,46279089,46521620,49128445,49557999,48898132,49902516,51662022,51354902,51007787,51499231,52602376,52428321,52074662,52987317
"Households; owner-occupied real estate including vacant land and mobile homes at market value","Currency","1000000","USD",Z1/Z1/LM155035015.Q,LM155035015.Q,116049,133422,177473,199326,216535,243315,270874,273170,283505,284584,294752,300182,306680,316348,315055,316592,320732,329781,337554,341601,350860,360688,367383,375328,383760,390218,394263,401222,408017,414670,417162,414465,419841,429327,438440,438052,447672,456362,463647,475580,479638,485654,486897,484488,494136,502979,511054,518133,522112,525874,533162,539625,540004,549322,553248,553844,565045,569664,579830,585435,589142,593543,605593,604127,630518,631432,648979,651709,659242,668871,685689,706181,721691,732574,768164,789668,804195,812973,832441,834315,861308,859007,874469,896384,917847,938482,957235,994999,1011650,1046653,1098624,1125134,1164853,1216897,1251410,1234864,1224908,1228579,1261141,1320641,1376129,1374568,1413658,1444386,1510149,1541764,1589977,1650002,1740633,1809353,1886806,1953165,2047892,2129042,2210877,2324853,2438382,2527395,2603271,2709296,2784958,2898047,2943161,2976773,3145246,3243369,3292960,3379724,3402543,3409839,3447373,3500620,3548174,3594626,3639466,3815839,3953991,4087621,4209390,4345136,4508123,4684390,4851839,4956078,5099152,5241843,5370919,5507465,5652809,5791918,5886157,6027537,6213264,6339667,6448126,6562274,6695064,6893169,6994317,7012984,7085162,7162726,7146396,7147403,7202811,7270390,7330585,7394546,7448054,7563988,7652203,7670105,7780087,7896020,8006742,8082369,8190463,8293641,8361797,8415203,8508308,8413137,8489248,8590662,8700808,8808093,8889105,8963588,9095169,9213319,9330289,9499670,9738045,9969257,10192809,10389337,10663484,10953170,11196005,11590598,12039579,12441344,12834096,13537735,13925364,14303298,14650451,15027821,15382630,15749009,16115799,16491272,16895940,17311879,17742705,18433992,19045598,19773076,20467531,21134037,21834296,22612034,23291664,23374634,23754495,24029723,24111167,23865300,23755768,23574828,23244012,22558177,21999544,21441412,20895625,20367313,19944786,19637406,19417267,19314526,19234646,19090590,18821143,18489962,18379064,18291436,18125968,17936907,18122001,18359783,18533877,18942574,19439677,19953067,20287786,20581056,21006321,21395703,21645718,21972663,22416554,22854492,23180311,23461397,23996022,24502635,24902876,25318820,25839134,26345876,26746536,27369406,27762195,28200924,27750845,27679965,28702059,28729078,28571844,29510214,30062654,31236141,32287148,33905843,36836867,38543793,39187957,41965597,44259458,42921457,41955852,42209545,44714088,45200568,44796549,45871478,47598362,47315508,46930984,47493275,48640714,48268284,47913423,48723342
"Nonprofit organizations; real estate at market value","Currency","1000000","USD",Z1/Z1/LM165035005.Q,LM165035005.Q,18586,24652,28908,30033,30396,34811,38089,38736,39249,39599,40143,40205,40558,40984,40864,40893,41082,41604,42045,42866,44048,45481,47104,48860,49406,50728,51510,52374,53341,54122,54512,53962,54508,54935,55379,55626,56455,57236,57897,58947,59547,60164,60692,61492,62814,64031,65314,66626,67899,69046,70442,71802,72849,73984,75374,76430,78704,80150,82669,84179,85951,87493,90693,91952,95498,97138,99956,101611,103523,105612,108532,111572,114431,116905,121441,124914,128686,132044,136233,139229,145132,146786,150735,155547,160651,165756,170504,176255,180859,185881,192051,197581,204846,213387,221222,227522,236577,246827,256555,262217,265898,267768,270548,273548,279688,284797,290048,299356,306937,315755,324498,333226,344360,354944,366634,379383,394197,409640,422726,433205,444319,455981,470561,482133,491965,499919,510891,524167,532828,538807,542267,547036,551920,560195,569947,576796,587068,597367,607533,615682,622299,630883,641067,650401,659594,669040,678499,685105,693031,701585,712566,725768,736787,747405,759640,770211,782681,792817,803204,792840,792559,794543,795082,790657,787555,768860,749787,737194,725788,713615,700974,699139,697935,701710,704795,716141,728367,738010,748898,754013,758001,768255,778489,785804,790572,792789,832182,890824,903157,933211,1011279,1034441,1079158,1089651,1111637,1082698,1098618,1162258,1185204,1142711,1213943,1294031,1327589,1325152,1349305,1369035,1322753,1363856,1366576,1395191,1450225,1510448,1512429,1494343,1521592,1610613,1698430,1802444,1817185,1889530,1941153,2035760,2100255,2168304,2256424,2316161,2389887,2446515,2527053,2578706,2561431,2385516,2409434,2369095,2295506,2171635,1853536,1801878,1699378,1755271,1877064,1871836,1907387,1940159,1918026,1923741,2030147,2022704,2030151,2078851,2121057,2141053,2261016,2388252,2407772,2373505,2481004,2538964,2628091,2737343,2824128,2843500,2824195,2777532,2880287,2998193,3027109,2981686,3199201,3150972,3223732,3278526,3293387,3330201,3319724,3420795,3573192,3586101,3553544,3628634,3550933,3610579,3724705,3766719,3915500,4207320,4333516,4311723,4372901,4403761,4323237,4312075,4414357,4357431,4101583,4031038,4063660,4039394,4076803,4005956,3961662,4160037,4161239,4263975
"Nonprofit organizations; equipment, current cost basis ","Currency","1000000","USD",Z1/Z1/LM165015205.Q,LM165015205.Q,436,590,768,944,1043,1346,1592,1634,1682,1697,1728,1787,1855,1926,1980,2045,2109,2121,2160,2175,2226,2313,2412,2484,2555,2651,2726,2824,2873,2952,3050,3092,3155,3205,3263,3341,3414,3487,3550,3599,3672,3726,3760,3809,3863,3919,3989,4053,4122,4191,4245,4309,4372,4448,4529,4611,4697,4785,4873,4969,5055,5170,5257,5366,5501,5636,5795,5920,6047,6175,6317,6435,6573,6714,6876,7036,7208,7409,7605,7805,7995,8169,8354,8579,8773,8921,9063,9454,9833,10196,10558,11001,11537,12057,12517,13193,14046,15167,16435,17398,18153,18651,19180,19842,20418,21082,21838,22450,23059,23729,24480,25249,26115,27005,27912,28853,29758,30635,31525,32849,34074,35214,36150,37243,38344,39224,40085,40830,41669,42230,42670,43250,43777,44367,45262,45872,46612,47316,48100,48555,49116,49694,50419,51159,52297,53402,54289,55365,56214,57090,58601,59712,60742,61706,63306,64584,65729,67215,68558,70032,71143,72647,74319,75981,76825,77694,78767,80072,80953,82043,82840,83414,83929,84400,85114,86054,86834,87310,87566,88129,89139,89696,90118,90216,90250,90889,91444,92079,92857,93923,94611,96610,98819,101158,103614,106422,108925,111451,114288,117663,121090,124508,127343,130714,134231,137173,140201,144247,148223,151023,154827,157325,160463,163326,167565,171030,175802,179092,183824,188589,192369,194699,197724,201595,205328,210307,215065,220181,225183,228660,231681,235566,239323,245841,255136,260008,263492,266310,268585,268560,272741,278713,284802,289254,295158,300721,307356,312098,316267,321344,326848,334274,341144,348125,354638,360307,367116,373801,380723,388231,395224,401414,407721,414756,421352,427969,434808,441135,446548,451991,457951,464516,471099,479696,485525,494725,503354,509940,514573,524440,531577,538169,543747,553776,556475,569292,581703,592081,604561,613462,622277,635964,640411,648102,653471,662478,669220,676808,681682,688020,699830,716308,729309,745090
"Nonprofit organizations; nonresidential intellectual property products, current cost basis","Currency","1000000","USD",Z1/Z1/LM165013765.Q,LM165013765.Q,257,292,310,310,315,345,366,365,366,369,375,380,386,390,394,399,404,410,417,424,432,442,455,466,479,491,502,516,529,542,555,571,589,608,628,648,669,690,710,728,747,766,784,807,830,855,882,914,946,979,1011,1046,1085,1125,1168,1211,1252,1294,1334,1375,1420,1468,1522,1573,1626,1681,1738,1795,1854,1917,1984,2050,2120,2195,2274,2344,2417,2491,2568,2644,2718,2791,2862,2936,3007,3077,3143,3215,3292,3371,3458,3553,3668,3806,3967,4139,4306,4466,4615,4768,4903,5025,5136,5250,5419,5572,5735,5882,6053,6239,6434,6657,6894,7164,7463,7779,8116,8482,8850,9252,9621,9989,10389,10750,11185,11567,12053,12379,12713,13032,13405,13682,13933,14299,14644,14989,15202,15499,15698,15968,16221,16487,16706,17057,17420,17745,18069,18524,19002,19498,20155,20947,21684,22332,23011,23750,24499,25229,26019,26759,27537,28316,28931,29813,30674,31518,32071,32669,33590,34469,35566,35844,36414,36717,37695,38072,38613,39371,40312,41520,41845,42546,42425,43129,43596,44023,44347,45346,46457,47361,47697,48168,49134,50048,51510,52093,53264,54022,55811,56841,57942,59026,59926,60529,60966,61064,61393,62314,62907,63876,64242,64939,66323,67723,68813,69800,70636,71498,72782,73716,74976,75855,77077,78172,78680,79433,80588,82079,83516,84891,85949,88360,90620,92737,93873,94895,96467,98522,101997,104020,106488,107935,111132,114428,117378,120212,122656,126112,129046,132134,134002,136364,139886,143106,147368,149812,151241,153430,155759,159158,161490,162931,163037,163436,166409,168625,172718,174297,176963,179238,182042,185852,189121,191655,193947,197578,200926,203485,205063,208166,212960,216101,221738,223426,226759,229711,233171,236104,239972,243691,245254,248619,251175,254431,258301,261126,265508,270479,275648,279057,282076,289511,297305,302521
"Households and nonprofit organizations; consumer durable goods, current cost basis","Currency","1000000","USD",Z1/Z1/LM155111005.Q,LM155111005.Q,53999,61760,73356,83073,91782,107480,120011,123210,124046,127239,127000,130396,132497,133388,135125,138372,137068,136944,138718,140764,143051,146276,148099,150191,151963,155481,159072,162116,165862,167091,168497,172253,171950,172355,172603,176556,178390,179622,180216,181677,183332,184431,185419,185413,186490,187768,188375,189678,191439,193602,194709,196659,199331,202006,204844,207778,210475,213348,215398,219247,222135,224867,227868,232800,238173,243929,249517,252764,258249,265242,271922,278706,285594,293852,302059,309279,316788,323149,329711,334189,339505,345965,354257,363552,370615,374460,377896,386930,394987,403459,409508,421387,434179,445037,454032,464644,482332,506982,525671,537379,551050,562756,577996,592015,604643,618240,635521,652321,666297,684267,705116,724166,747344,770497,795098,821082,847060,869110,895576,928540,950756,970394,990869,1007783,1029018,1047927,1060779,1073389,1085441,1093074,1102424,1117313,1132479,1151849,1175092,1195187,1223634,1245869,1269583,1299468,1325633,1350612,1377130,1402292,1436036,1482695,1522384,1554150,1588428,1625126,1652662,1680098,1719034,1758374,1800326,1836070,1864020,1896180,1925583,1966983,1992387,2016154,2039042,2067784,2083698,2103475,2117447,2132204,2153221,2171724,2193468,2206614,2236446,2266067,2302248,2326158,2359614,2396514,2424136,2460696,2484332,2505024,2529306,2562443,2578816,2605175,2627929,2657044,2666965,2689994,2717961,2740061,2767708,2796729,2833763,2861270,2904845,2950702,2991093,3047919,3104708,3148175,3201756,3246748,3278795,3311360,3364300,3398294,3442989,3490784,3526184,3549583,3586058,3630843,3677601,3737766,3795114,3827860,3898219,3955139,4018360,4057915,4106270,4160811,4209230,4258278,4298259,4344632,4391621,4427942,4474789,4523378,4548742,4577733,4566247,4552056,4548515,4531267,4560133,4550803,4530911,4520365,4535502,4568263,4609074,4630629,4644654,4678915,4688964,4700607,4727440,4753090,4756820,4766462,4777334,4779068,4797544,4833528,4851760,4872340,4935086,4963696,4990625,5037243,5091724,5111191,5136728,5185202,5206069,5216153,5267636,5328880,5380900,5417717,5471605,5547932,5586597,5624723,5671343,5709536,5700616,5869632,6022274,6155218,6492961,6737179,6995956,7277835,7413998,7571492,7639315,7735347,7827846,7831375,7856571,7935559,7968069,8013381,8111190,8241123,8416937,8533988,8653778,8899802
"Households and nonprofit organizations; total financial assets ","Currency","1000000","USD",Z1/Z1/FL154090005.Q,FL154090005.Q,647873,701941,749852,778442,802415,860949,935158,947979,963081,974295,972134,975879,973579,979636,1003438,1021203,1043617,1073841,1086318,1104359,1133807,1163916,1179707,1212690,1217414,1227892,1262177,1265521,1296213,1288874,1304302,1336254,1361423,1408805,1434914,1454063,1476494,1484988,1516763,1511404,1529888,1522014,1578049,1630901,1647640,1676932,1730013,1734601,1639639,1678128,1780678,1808433,1846067,1882115,1877506,1923614,1961279,2005378,2043447,2080118,2078308,2154102,2224991,2230397,2236835,2203540,2272467,2371092,2404472,2478187,2540473,2524542,2650131,2697606,2831020,2815622,2808579,2817132,2815527,2826483,2731037,2859606,2963650,3093654,3147608,3190690,3300632,3413910,3469077,3560591,3760970,3754194,3752460,3881970,3809816,3843637,3829380,3767825,3857222,4031793,4205356,4208265,4341138,4502379,4620513,4710310,4834854,4873823,4978867,5060061,5147085,5248122,5415066,5592719,5697817,5886588,6054376,6256355,6455619,6537880,6791694,7072937,7355205,7495028,7617328,7627676,7898181,7936214,8055198,8262088,8565060,8825403,9104889,9246110,9330228,9417337,9535857,9760313,9960663,10262247,10481184,10568265,10980769,11368039,11623273,11692704,12168704,12621064,12812629,13116766,12983435,13349287,13627316,13849834,14250624,14562485,14903291,15284972,15623274,15680295,15945890,15769342,16282158,16783074,16863038,17173295,17773589,17733961,17831253,18158043,18731844,19045391,19263217,19631862,20025907,20094470,20235591,20568876,20807760,21308003,21883702,22519324,23226969,23707562,24167088,24447607,25141012,25322818,26659730,27640378,28142706,29624505,30168766,29356828,31287200,31489088,32437985,32169322,34571034,35325826,34949416,35248671,34356299,33464150,34503611,33282817,34545346,34900225,34096174,32766195,33479930,33471370,35305852,36028483,37678702,39526818,39970795,40632853,42438008,42764467,43811933,44945404,45857735,48029389,48137854,49198565,50771283,52006484,52985533,54132456,53828525,52569857,51923948,50228505,47409836,46126144,47243586,49354533,49777844,50968925,50331603,52460382,54373019,55688835,56129710,54303739,55782983,57841543,57708609,59306682,60058614,62381825,63028814,64961122,66974373,68396556,70096918,70282697,71559322,72697318,73074400,71738374,72879298,73741707,74882809,76120569,76432858,78415771,79998969,81334161,83580744,83944888,84841087,86560031,82654319,88009409,89883048,90480107,93683295,86815100,93971632,97660289,104949667,108929100,113753790,115457426,118974963,116834375,108853747,106706020,108848593,112184003,115516178,114102406,119119274,123707367,125051422,129585241,130544621,129775279,134974062,140445937,142618439,141605209
"Households and nonprofit organizations; checkable deposits and currency; asset","Currency","1000000","USD",Z1/Z1/FL153020005.Q,FL153020005.Q,55449,60651,60519,58145,56366,58927,63356,62460,60709,63520,65498,66253,63017,65644,66782,65213,64229,68458,68863,68549,66159,69652,70033,69369,67945,70647,71871,70801,68664,71303,70971,70819,67287,72779,73698,73247,72429,76003,75548,73762,72042,75669,77538,75482,73819,76743,76926,75175,73040,75396,77148,78347,77211,79930,81977,79273,79831,84639,84785,82442,82729,88745,91520,89949,88870,91803,93353,92714,93542,97391,103731,99805,101539,105852,112659,105257,106702,105362,110925,106909,113195,117103,118500,118783,124397,126293,131844,130583,130848,135012,143997,140820,143495,143080,152350,148134,146991,149091,157533,144896,154820,157040,158857,154281,160004,161997,169708,169573,172912,180829,184665,184363,191103,198214,201337,195195,206801,220038,221039,211672,216035,234910,238699,241672,249611,259581,284890,278757,280294,293329,305157,310556,317506,317164,315392,300197,307729,306037,327378,321737,332403,344072,338859,351593,385015,403893,456032,420106,432879,437622,451128,442335,446878,445683,460921,441356,437110,434347,451522,436999,445768,445407,462339,473207,475198,480548,509691,522889,530863,554344,617684,594081,613936,639260,671474,648165,638408,628194,643247,623195,627942,594201,596874,582979,564760,547503,537262,510430,505615,471953,501340,466346,471423,460654,519516,507647,479449,463582,498265,462627,425878,387766,396792,419761,396642,395143,474514,413849,406744,407915,450627,443636,452545,412973,443709,429184,405183,389060,442399,436777,397259,339179,351637,349786,331691,295774,317337,330022,253506,158901,208310,219710,206092,223478,483561,464091,510487,478821,533142,434526,452623,420243,524447,606122,600424,732180,813755,836138,790994,790301,921875,968210,991245,1001800,1111962,1141488,1153385,1127808,1083858,1175850,1247904,1113059,1197659,1281200,1239940,1126995,1128471,1310433,1304947,1222344,1337785,1430056,1290998,1105812,1162836,1246528,1130814,934995,1197195,1304818,1727524,1952867,3179530,3538621,3858907,3930730,4142306,4383291,4711017,4859723,4577370,4623365,4570937,4346188,4428016,4768193,4533972,4485308,4621225,4845688,4868882,4831768,5679898,5948854
"Households and nonprofit organizations; total time and savings deposits; asset","Currency","1000000","USD",Z1/Z1/FL153030005.Q,FL153030005.Q,50230,56568,60047,62248,64842,67207,72177,73469,75744,77273,79651,81545,84177,85755,87886,89888,92829,94440,97182,99274,101868,103362,105783,107946,110925,112516,115230,118462,121985,123872,127167,130705,134835,137708,141266,143832,147681,149934,152525,154522,158156,161281,164461,169701,175096,177733,182845,189204,196080,201423,208828,215765,223030,227746,234936,240745,247988,253567,261041,268791,275058,280622,288514,294109,299561,301554,307135,317399,328252,335860,342144,350920,356638,364408,372312,377319,382216,380750,381127,382156,390277,408150,423312,446974,462553,475713,490887,511155,529177,548894,564036,588222,603169,617036,626550,648423,665689,672283,682996,711073,729697,744917,765194,793835,817141,837266,856844,892047,912466,938050,958246,987664,1006749,1030747,1048950,1070963,1082553,1103342,1115447,1140176,1159218,1190354,1239537,1242638,1263473,1288576,1336755,1385026,1425819,1448867,1510402,1584354,1629330,1685427,1728457,1792411,1861428,1913406,1975034,2018349,2044858,2073824,2101333,2124231,2140134,2174439,2223118,2235686,2268596,2308891,2364522,2430023,2467228,2511476,2551343,2578331,2577496,2604839,2631287,2647604,2642633,2656928,2682304,2683771,2636427,2616478,2600463,2448803,2414399,2385646,2355243,2310884,2287502,2271959,2231713,2232675,2200127,2217720,2203410,2249580,2286024,2318196,2334521,2405964,2421026,2456169,2471577,2513146,2539029,2600604,2616144,2643038,2631727,2641329,2693640,2688342,2688072,2732601,2781759,2861431,2903244,2948967,3031792,3194425,3255595,3317475,3322080,3484023,3498351,3614647,3618421,3802896,3872308,3925910,3955292,4109859,4213016,4265232,4342079,4472070,4581664,4744419,4809630,5035155,5112889,5237971,5310284,5510200,5574151,5712252,5847236,6035634,5929268,6077140,6074172,6025671,5968290,5980126,6148501,6220521,6169805,6274428,6130862,6236763,6387429,6414014,6499959,6565297,6619109,6639871,6751378,6763889,6801977,6893206,6868429,7057999,7125137,7258888,7408108,7639253,7642564,7825187,7977509,8156645,8198706,8543356,8687580,8755320,8674832,8799639,8830198,9037080,9101325,9147585,9261031,9441803,9448916,9656652,9838990,10164923,10684829,10777198,10292972,10804319,10604236,10732204,11058370,11140378,10698024,10344961,10285973,9893904,9790193,9851647,9845964,9753721,9685148,9733038,9787899,9805169,9787984,9888744,9102254,9156731
"Households and nonprofit organizations; other deposits; asset","Currency","1000000","USD",Z1/Z1/LM153030505.Q,LM153030505.Q,3014,3379,3523,3442,3302,3035,2813,2777,2728,2680,2656,2618,2567,2509,2465,2415,2355,2304,2239,2200,2107,1997,1984,1893,1858,1792,1740,1693,1592,1490,1413,1388,1288,1287,1220,1186,1127,1075,1031,975,917,873,844,803,774,743,720,677,648,620,601,575,551,523,508,491,473,455,436,411,388,371,352,332,216,164,135,99,83,44,25,0,0,0,0,0,0,0,0,0,0,0,0,0,0,0,0,0,0,0,0,0,0,0,0,0,0,0,0,0,0,0,0,0,0,0,0,0,0,0,0,0,0,0,0,0,0,0,0,0,0,0,0,0,0,0,0,0,0,0,2427,2536,2490,2601,6937,7190,7280,7026,6902,7017,6812,7207,7791,7952,8126,8447,8753,8687,8525,8400,9759,9724,10130,10318,10708,11153,11032,11268,11874,11755,12312,12949,13427,13959,13957,14409,14565,14566,14953,15504,15600,15445,15352,14697,15757,15716,16847,17357,18847,20324,22461,22103,23356,26021,27693,31693,35469,34112,34459,36014,37179,36817,37785,39500,37725,39368,40486,41170,40659,45150,45841,44509,48271,50790,48459,48388,48676,47771,48219,49781,49937,51628,54115,51146,52841,55204,57889,58864,61764,67402,64549,66584,63847,67879,72666,71749,69946,73534,79929,84843,87722,84065,78508,70526,69892,65515,65587,66015,62724,58472,61341,63875,67271,69608,65296,64382,57360,56257,50697,52037,49480,52699,56511,56489,52080,52512,49795,52689,45721,44555,39449,36142,31885,32611,31301,30801,26271,30803,33903,39831,38975,42101,42429,41779,41838,40928,39551,39432,40638,49996,43535,47487,48461,49812,48534,47734,48229,50310,51466,53016,51652,51090,47865,49846,50820,53195,54332,57497,56596,58502,61260,66437,67432,71813
"Households and nonprofit organizations; debt securities; asset","Currency","1000000","USD",Z1/Z1/LM154022005.Q,LM154022005.Q,35908,32338,30079,29392,27990,28544,28451,30920,33084,34755,35169,35208,39045,39364,38681,39020,38450,37369,37084,38748,40234,42276,43368,45534,46872,48602,49060,51600,52610,54976,55721,56176,54438,52971,54143,56944,57963,61011,64358,69706,70504,69857,69154,67790,67904,68371,69387,69362,69118,70279,69232,65500,64641,65002,66655,68234,68446,69385,69875,71018,70757,72069,71438,78025,79074,84603,86024,84641,80255,84437,87305,90165,91551,92165,90473,101511,99897,114569,121674,130275,122876,124805,123668,119817,117233,122312,117695,118766,116026,116679,114853,120345,121039,131476,133185,140679,140069,129895,138999,136156,134616,149621,160264,157362,160383,164811,166903,167399,162772,164979,169259,174329,176570,183008,183302,195287,209719,212587,248667,264796,267547,273129,281524,283192,286657,306752,314754,334271,350391,383072,379590,397688,426767,467118,456251,479133,534362,569916,568191,639297,653438,684601,718248,729300,740704,736530,767431,775757,832282,881224,887336,884473,910537,955394,1040962,1071581,1099627,1125581,1141637,1135082,1171232,1208841,1277467,1241887,1279351,1303220,1316295,1348690,1332017,1349942,1355052,1374382,1357605,1351166,1405036,1478405,1563795,1584909,1726922,1700375,1685183,1712833,1774589,1738366,1814648,1824349,1853855,1718608,1736335,1755650,1798381,1785606,1893318,1966178,1873754,1844007,1759186,1717111,1559516,1425755,1403359,1379053,1495544,1421353,1347544,1472504,1381282,1326740,1445527,1477240,1557060,1480860,1400656,1380513,1506336,2303536,2113558,2258327,2388158,2321726,2445409,2218621,2328052,2418767,2385898,2354615,2194107,2279278,2186751,2641383,2681690,2738661,2873176,3110417,3438307,3720605,3332741,3519880,3362869,3614289,3793451,3713555,3761974,3694404,3822437,4190999,4190937,4095428,4299216,4393641,4275888,4056469,3561700,3438205,3295261,3316212,3386535,3414687,3376470,3404877,3293252,3646236,3428052,3555550,3648881,3489403,3326408,3311713,3410981,3314834,3347485,3416814,3559497,3777842,4001237,4203841,4458900,4502996,4390226,4308429,3937432,3766837,3796834,3123926,3038861,3128588,2774651,2882591,3130139,3663892,4519550,5109878,5147147,5232228,5570281,5471029,5643176,5903581,5825635,5927916,6034200,6131155,6198847,6129282
"Households and nonprofit organizations; Treasury securities; asset","Currency","1000000","USD",Z1/Z1/LM153061105.Q,LM153061105.Q,23582,20976,18829,17980,17956,16948,16345,17164,16894,18019,18216,17435,20054,19865,18667,18775,18010,16498,16121,17475,18056,19003,18614,20077,19863,20394,20090,21276,21603,22998,23231,22603,22996,20619,20770,22345,22258,23793,25512,29565,28513,27973,26502,26023,24589,25921,25449,26353,26370,27948,26699,23170,22610,23997,24418,25798,25825,25619,24486,27113,26678,26280,24774,28787,25623,28546,27902,27027,24029,26253,27721,32074,30503,31806,29817,37157,30483,39061,41065,46525,36944,34066,30777,26723,22929,24528,19672,21572,19190,19677,19666,22339,22369,27179,28126,34857,28899,7251,7806,3107,5441,14956,19992,17591,13413,13252,4928,7965,-1159,1237,724,1510,-2637,1751,-7933,-1972,5216,8796,35317,54367,55431,59625,68703,69257,62590,77143,75752,83393,86989,104646,98653,107006,121569,139681,135914,149979,175983,194521,185722,205003,181070,195278,178033,162607,139274,156747,165445,134712,147495,153295,170212,163883,182787,204795,218757,232850,264052,266682,244519,213333,212977,236011,260949,240501,244373,256132,260054,274469,278839,301735,327451,330000,323495,305311,352532,375352,404419,434318,504136,515466,533779,516192,518461,498253,489108,515086,523254,519256,474509,443563,445078,457040,409832,471686,429811,406476,331511,294584,353337,317993,206511,165012,209903,196538,70327,141780,131850,101546,72481,51737,6226,99147,64741,66764,40761,58982,-43078,-53348,9271,-38811,-95729,-123998,-171700,-40015,-115642,-133659,-239033,-223955,-274296,-311410,-317699,-214488,-180487,-70117,78316,256317,185497,356436,431973,523689,778573,777589,653847,487290,355466,518307,540699,498455,666429,584341,677704,683487,602056,530136,425403,323595,240317,201676,208221,329732,340446,589924,613334,761211,818995,810056,754023,723671,766163,689147,703622,861772,949208,1122040,1259326,1428322,1571577,1636111,1498818,1391978,1221306,1198982,1280455,783238,489215,648657,400490,585744,682999,1108280,1658923,2104754,2255619,2359873,2518608,2449703,2536828,2738577,2631556,2829403,2910299,2968534,3006696,3039040
"Households and nonprofit organizations; agency- and GSE-backed securities; asset","Currency","1000000","USD",Z1/Z1/LM153061705.Q,LM153061705.Q,61,93,148,95,29,121,79,123,0,0,-1,52,135,209,154,140,140,152,147,39,117,232,605,721,958,1115,959,933,1154,1100,1463,1208,824,798,833,917,1523,2011,2267,1630,1909,1294,1033,359,224,244,592,567,410,286,235,9,0,0,0,0,0,0,245,21,618,909,1132,1843,4946,5724,5850,5837,5716,5625,6265,5670,6475,5982,6120,5981,7983,9209,11305,14195,14982,15735,15943,14951,13112,13937,14615,12831,11668,10943,8898,8537,8472,9481,8332,5738,6970,11510,13669,11529,8769,7681,7584,6963,7584,6993,11611,7418,7507,7832,8260,8452,8340,8388,9657,11425,11300,12373,12405,16591,14552,13534,13624,8314,9456,8332,7380,8143,9017,8568,3400,5319,5584,4873,4642,5353,8895,8701,11880,14465,28752,23211,9315,5630,8507,7952,10108,7585,11705,13709,16572,9967,7144,10140,36668,23446,11314,20912,37056,50758,67289,81817,91165,67605,69778,78391,86274,95923,79057,83312,89882,70395,43262,37658,18566,60135,85903,89089,133814,100899,102670,120683,149017,130069,191817,218102,256551,222091,243176,259126,293337,232769,299178,334340,371104,315357,341881,383198,389565,334718,375518,382314,397137,225914,238990,298078,219823,205371,189219,134178,108742,-976,-80880,9827,85137,25978,-14394,17386,176593,135845,223584,139769,191882,186887,98194,107156,50299,69131,93000,329219,459323,436688,537471,705828,852233,670156,284638,210105,83029,92359,51303,86722,41332,224124,262990,305916,250780,118701,184652,201209,194960,95038,48401,113348,95890,169126,191879,244852,238037,240625,263863,370450,413203,387672,417294,368018,377359,391825,411693,406118,404883,384807,427682,493557,556979,562858,657362,640043,659847,695596,344538,317691,254943,129296,261149,172282,252527,329630,520983,706813,934356,1017518,894987,950297,972647,933090,983145,977361,1046507,953548,945932,917241,928829,823623
"Households and nonprofit organizations; municipal securities; asset","Currency","1000000","USD",Z1/Z1/LM153062005.Q,LM153062005.Q,3869,3817,4458,4629,3724,5465,5740,7499,9835,10606,10957,11875,12743,13542,13873,14386,14678,15246,15964,16484,17509,18360,19174,19569,20436,21308,21900,22537,22812,23526,23851,24382,23317,23794,24616,25460,26068,27058,28362,28972,30072,30503,31007,30769,31610,31180,32506,31469,31384,31852,32087,31665,31642,31128,32094,32475,33112,34138,34854,33771,33792,34915,36531,37666,38778,39058,41151,39687,38330,39262,38208,37137,38066,37621,36490,40035,42266,45302,47244,48079,48227,48542,47144,46097,46375,46564,45970,46559,46909,47181,47684,50607,51521,54174,55136,56629,57899,62394,62164,62603,63059,65177,66809,69757,73874,74962,72859,73367,77953,76821,78817,84708,92098,97663,104168,109320,116868,121094,123387,123644,126357,128410,129712,142505,150441,158568,158648,171382,188545,199419,201416,212744,230886,245480,246752,280313,301318,319967,324622,352561,365956,383872,438750,444408,457562,444172,456826,480457,507190,533665,559113,566726,581386,605068,625973,624125,629423,638923,652681,667646,680412,679467,684271,679364,698960,714685,716402,714842,706469,706770,672059,667342,659931,645848,621813,611035,621357,598363,590479,566762,538146,533299,507256,498545,496494,474830,461343,433918,451903,455401,478468,472109,497420,493213,479367,483461,477064,446043,432000,440818,462172,461012,475277,494977,525322,531332,525646,536959,594066,625554,641418,630671,687190,667801,684406,1487275,1479723,1558804,1609286,1616516,1682647,1692219,1715567,1687015,1726603,1765591,1784666,1796466,1807619,1803875,1690375,1639882,1667650,1554230,1561246,1672745,1730979,1891824,1903409,1940264,1971770,2034608,1950294,1950661,2026307,2087075,2115511,2112488,2147285,2146919,2109804,2103072,2006855,1963332,1941840,1997840,2031984,2045736,2046968,2049015,2025010,2026613,2019813,2040515,2105586,2093695,2016877,2014993,2048379,2031799,2048275,1979922,1992069,1970549,1992580,2014640,2026600,2018810,2019727,1997520,2019602,2028581,2036288,1992459,1993932,1937006,1910718,1761786,1724980,1650968,1727430,1787990,1798023,1725917,1880045,1890560,1926855,1989809,1952541,1949939,1983217,2050546,2069342,2074054
"Households and nonprofit organizations; corporate and foreign bonds; asset","Currency","1000000","USD",Z1/Z1/LM153063005.Q,LM153063005.Q,8396,7452,6644,6688,6281,6010,6287,6134,6355,6130,5997,5846,6113,5748,5987,5719,5622,5473,4852,4750,4552,4681,4975,5167,5615,5785,6111,6854,7041,7352,7176,7983,7301,7760,7924,8222,8114,8149,8217,9539,10010,10087,10612,10639,11481,11026,10840,10973,10954,10193,10211,10656,10389,9877,10143,9961,9509,9628,10290,10113,9669,9965,9001,9729,9727,11275,11121,12090,12180,13297,15111,15284,16507,16756,18046,18338,19165,20997,22060,21476,22723,26462,29804,32046,34817,37283,37438,37804,38259,38878,38605,38862,38677,40642,41591,43455,46301,48740,55360,58917,57347,61807,65879,63051,65512,69604,77505,78649,78471,79089,81458,79659,78769,75206,77410,76514,76335,70324,77558,70194,71207,71560,69485,63116,64170,62709,72974,71353,65840,70439,76121,72619,68728,77084,68943,43488,48166,46727,45967,67268,77660,82240,92150,116655,135361,127659,135052,153003,165892,180555,141439,143897,139220,135391,159564,191160,194838,199064,207381,203345,210554,211546,241082,254417,266240,254012,253565,263456,267652,258125,265660,306645,330917,362349,412125,431883,452116,463139,498493,517248,510588,542659,599855,611499,637229,616331,612707,543343,566747,597560,581498,623688,686888,666939,593472,638713,608730,593286,384614,332226,359158,370715,413227,503924,512905,501314,503963,482864,589761,665771,800674,752018,729605,636121,696032,731301,691307,735485,593008,608176,634907,510631,592303,584880,676743,615527,598175,637636,560428,819699,849691,876579,848542,920476,946512,1121387,1131627,1061515,944458,1057977,991805,814636,1116501,1032329,1177674,1279701,1283947,1365784,1300850,1461172,1293420,1174872,904388,831389,832128,825651,922355,922423,883244,785505,663933,659249,381702,366152,307006,217634,178149,181224,184746,187770,190705,190313,190538,191696,192352,198021,203361,208032,211834,223335,351986,221583,225148,218933,294565,370643,210916,205431,201177,197831,198841,199616,198518,196141,198981,197676,196348,197834,195031,195026,194752,194834,193980,192565
"Households and nonprofit organizations; loans; asset","Currency","1000000","USD",Z1/Z1/FL154035005.Q,FL154035005.Q,55818,58595,61966,64759,66995,68212,68597,68481,68618,68829,69176,69877,69783,69946,70364,70699,71195,71729,72409,72984,73186,73478,73853,74568,74829,75081,75344,75288,75287,75328,75453,76047,76774,77310,77911,78234,78257,77996,76515,76522,76883,77909,79315,79890,81431,81787,82589,83005,84263,84956,85161,85257,87139,87304,87856,89168,88453,89905,90360,90861,91268,91547,92289,92113,93987,94629,95730,96510,97376,98440,100037,100278,103108,105564,105878,100691,102168,99453,103989,100337,101115,103437,105936,105053,105296,103970,105466,105057,106601,105819,108660,106699,109114,108140,111158,110372,114019,140979,142474,138099,141633,141151,146407,148556,149373,150101,156853,152609,155173,154647,161926,162192,165449,170569,186139,182671,184391,190606,197359,194898,193876,201148,206057,198549,201473,200749,207001,207176,210879,204357,217282,208932,211348,212501,215849,211993,213002,217863,214585,225828,242922,236561,253306,255697,250757,254381,269635,273617,275079,276956,288410,295867,300460,303954,307509,312964,323035,320107,341485,378576,387586,400623,427160,436526,439011,452991,477762,464224,471484,473611,477652,497853,516792,514600,519812,525830,523942,524657,526345,531445,533829,535263,555829,566452,560962,559257,599132,588257,603497,605457,624348,648422,660879,697884,693382,692046,693792,716199,763101,771308,754881,771076,825093,810683,817872,911525,870419,863657,836563,837794,831713,847738,948014,949222,945521,968523,1002025,997355,1060461,1050529,1056831,1054640,1054923,1140628,1169105,1166156,1169908,1192928,1247061,1275374,1389175,1508811,1502837,1515296,1257780,1190965,1200166,1217570,1217815,1222188,1230084,1240645,1255436,1252004,1293885,1289541,1237296,1242288,1255379,1252516,1316274,1295787,1352024,1340732,1383749,1428199,1408743,1443861,1434171,1431069,1405522,1376078,1359516,1399397,1401545,1369777,1343043,1354583,1350175,1332145,1281910,1259083,1253262,1253670,1224871,1224046,1236642,1270202,1262579,1402211,1390245,1345882,1373942,1375540,1397575,1442963,1462020,1571346,1533056,1474551,1420947,1396173,1397353,1331003,1355862,1358206,1355780,1427881,1201068,1249126,1244918,1256273,1238996,1297966
"Nonprofit organizations; consumer credit, student loans; asset","Currency","1000000","USD",Z1/Z1/FL163066223.Q,FL163066223.Q,0,0,0,0,0,0,0,0,0,0,0,0,0,0,0,0,0,0,0,0,0,0,0,0,0,0,0,0,0,0,0,0,0,0,0,0,0,0,0,0,0,0,0,0,0,0,0,0,0,0,0,0,0,0,0,0,0,0,0,0,0,0,0,0,0,0,0,0,0,0,0,0,0,0,0,0,0,0,0,0,0,0,0,0,0,0,0,0,0,0,0,0,0,0,0,0,0,0,0,0,0,0,0,0,0,0,0,0,0,0,0,0,0,0,0,0,0,0,0,0,0,0,0,0,0,0,0,0,0,0,0,0,0,0,0,0,0,0,0,0,0,0,0,0,0,0,0,0,0,0,0,0,0,0,0,0,0,0,0,0,0,0,0,0,0,0,0,0,0,0,0,0,0,0,0,0,0,0,0,0,0,0,0,0,0,0,0,0,0,0,0,0,0,0,0,0,0,0,0,0,0,0,0,0,0,0,0,0,0,0,0,0,0,0,0,0,0,0,0,0,0,0,0,67399,68760,73345,74840,77802,77763,81734,82536,86177,86278,89365,88922,90376,87523,86786,82528,84435,82752,77299,71327,70098,69014,68113,67074,64036,63509,60033,58023,56235,54458,52630,51839,50643,49483,47536,47595,46836,46060,45469,44912,44381,43758,43155,41309,39417,38060,35778,35150,34242,33333,32204,31275,30280,29330,28427,27272,26126,25134,24283,24062,23837,23186,22714,22037,21318,20464,19455,18875,18935,19222,19502,18600,17252,15779,14863,15405,15076,14704,14434,12355,11590
"Households and nonprofit organizations; total mortgages; asset","Currency","1000000","USD",Z1/Z1/FL153065005.Q,FL153065005.Q,12189,13711,15070,16268,16993,17689,18623,18652,18913,19126,19289,19619,19886,20020,20285,20492,20817,21107,21423,21796,22089,22315,22725,23199,23674,23976,24327,24871,25333,25843,26283,26750,27539,28168,28887,29330,29939,30314,30801,31342,32110,32820,33575,34425,35253,36010,36834,37377,37975,38406,39006,39324,40093,40319,40528,40880,41158,41613,42098,42175,42480,42391,42611,42600,43427,43990,44617,44959,45344,45877,46607,47312,47757,48735,49082,47321,47038,47429,49237,47109,47969,49830,50108,49360,49791,48634,47341,47660,48176,48384,48260,47831,48215,47607,47231,48171,48950,49938,50594,44702,47107,49475,50481,51356,52099,52928,52839,53628,54453,55295,55378,56421,59018,61621,62445,64808,68066,71178,71611,80996,82942,86837,87255,89379,95636,99638,101407,105876,108742,104528,110888,109724,111357,110672,111313,110989,112405,114667,103009,123726,125750,122083,116174,115115,115335,112936,112602,118284,118370,118254,117829,117977,118462,119218,120318,120801,123097,125452,128315,131563,134119,136857,139234,140360,142211,142857,141130,139670,138113,136522,134336,132331,130266,128164,126068,124067,121934,119775,117242,115186,113094,111002,109201,107275,105248,103176,101110,98849,97005,95260,93155,90906,88584,86398,87979,89792,91246,93011,94574,94817,95020,95175,95350,96899,98304,99754,100970,102752,104057,105869,107632,108643,110215,110388,111390,113507,115663,117684,120274,123071,125350,126618,126404,123474,118412,111612,106975,102952,98276,94852,91961,89656,96536,104743,107315,112106,116754,121117,125598,128840,130483,132511,130994,132516,133419,135945,136975,133873,130224,127150,123908,123592,122912,122201,120340,118244,116235,113971,112003,108378,104895,100642,97087,95147,93795,91697,91722,90783,91549,89299,88287,86959,85357,83779,82327,81710,81049,80407,79942,79586,78822,78614,78108,80094,81427,82912,84280,81907,79230,77035,74771,75028,74271,74343,73856,73290,72552,71400,70281,68995,67886,65858,64356,62457
"Households and nonprofit organizations; other loans and advances; asset","Currency","1000000","USD",Z1/Z1/FL153069005.Q,FL153069005.Q,43629,44884,46896,48491,50002,50523,49974,49829,49705,49703,49887,50258,49897,49926,50079,50207,50378,50622,50986,51188,51097,51163,51128,51369,51155,51105,51017,50417,49954,49485,49170,49297,49235,49142,49024,48904,48318,47682,45714,45180,44773,45089,45740,45465,46178,45777,45755,45628,46288,46550,46155,45933,47046,46985,47328,48288,47295,48292,48262,48686,48788,49156,49678,49513,50560,50639,51113,51551,52032,52563,53430,52966,55351,56829,56796,53370,55130,52024,54752,53228,53146,53607,55828,55693,55505,55336,58125,57397,58425,57435,60400,58868,60899,60533,63927,62201,65069,91041,91880,93397,94526,91676,95926,97200,97274,97173,104014,98981,100720,99352,106548,105771,106431,108948,123694,117863,116325,119428,125748,113902,110934,114311,118802,109170,105837,101111,105594,101300,102137,99829,106394,99208,99991,101829,104536,101004,100597,103196,111576,102102,117172,114478,137132,140582,135422,141445,157033,155333,156709,158702,170581,177890,181998,184736,187191,192163,199938,194655,213170,247013,253467,263766,287926,296166,296800,310134,336632,324554,333371,337089,343316,365522,386526,386436,393744,401763,402008,404882,409103,416259,420735,424261,446628,459177,455714,456081,498022,489408,506492,510197,531193,557516,572295,611486,605403,602254,602546,623188,668527,676491,659861,675901,729743,713784,719568,811771,769449,760905,732506,731925,724081,739095,837799,838834,834131,855016,886362,879671,940187,927458,931481,928022,928519,949755,981933,981199,988093,1012174,1071022,1098788,1214678,1332978,1320023,1321188,1061543,988483,995889,1009667,1009689,1008913,1016849,1030835,1053115,1049390,1091452,1085483,1033247,1044379,1061646,1065333,1134343,1115960,1174654,1165901,1211570,1259312,1243025,1282354,1274573,1275855,1254567,1229967,1217517,1259869,1263992,1234925,1210012,1224383,1220566,1207068,1158473,1137882,1134572,1137687,1111269,1112056,1126263,1161368,1155365,1296499,1286289,1242985,1271772,1271609,1292962,1337337,1355703,1468121,1433362,1378061,1327301,1302210,1303860,1237158,1263406,1267664,1267449,1341618,1115382,1165055,1162328,1175981,1162285,1223919
"Households and nonprofit organizations; corporate equities; asset","Currency","1000000","USD",Z1/Z1/LM153064105.Q,LM153064105.Q,144855,138515,136405,135486,142455,164696,184698,186382,192554,192052,181107,177850,168575,163841,177571,188597,203774,221809,222894,229229,249979,264068,265346,281568,272443,267405,287754,274211,290571,264952,266362,280533,294974,323831,333702,339992,351618,345702,364772,344367,350355,326084,364813,403502,403359,412972,443622,433425,329923,348575,431479,444237,465592,485481,457587,486613,501922,518877,530699,544164,521171,566815,601439,581368,555687,497826,531716,599333,605033,641200,663676,614634,697727,705275,791494,745190,707585,686177,638984,614908,485261,564921,617731,677526,673299,658901,707587,748641,744860,764315,882122,812281,744351,785638,647173,612434,537817,395668,391408,485182,556835,486024,523873,610222,629097,640103,664031,608789,622067,591498,559025,525569,559106,594913,567841,602005,613786,652390,684612,627160,718134,809262,901755,901836,882884,737934,800923,677657,650001,692346,845288,923495,1029505,996472,939597,877756,814943,849182,847020,895484,948347,880000,1033079,1161103,1206194,1087234,1249742,1469527,1440409,1501900,1210754,1319317,1402012,1431896,1552536,1622778,1703438,1835561,1913688,1800547,1860586,1539643,1734697,2030476,2001887,2125661,2491325,2419593,2388373,2478962,2810125,2877136,2874316,2977689,3110199,2981974,2918843,2972811,3013823,3232041,3439588,3708740,4029075,4156730,4291133,4278287,4511914,4562010,5247895,5595608,5729808,6470640,6534109,5791659,6848480,6850085,7395550,7034219,8348927,8672913,8252180,8134737,7170978,6398075,6845412,5707711,6417977,6466095,5812540,4724908,5012524,4703771,5555322,5900828,6628568,6935109,6948246,6839748,7373758,7426806,7679673,8083325,8192700,9431626,9155869,9443179,10151215,10574617,10700115,10659986,9975941,9131297,8513015,7458912,5874775,5192904,6271560,7341794,7453198,7846603,7153205,8028608,8808681,9434651,9314305,7821421,8350074,9321383,9015306,9533614,9603293,10899602,11195158,11791225,12506175,13235674,13964855,13717550,14315350,14502119,14537883,13397038,13957720,14267850,14713812,15112007,15408614,16268822,16757506,17213539,18276355,18117184,18387446,19157332,16645700,19274338,19785080,19709258,21147841,16326184,20024928,22101777,26131151,28564051,31125819,31644677,33031345,31875319,26639815,25604594,26898961,28598989,30372492,29465494,32242497,35006670,35810502,38294760,39020000,38347816,41322201,44657401,45986820,44963857
"Households and nonprofit organizations; other equity; asset (IMA) ","Currency","1000000","USD",Z1/Z1/LM153081115.Q,LM153081115.Q,197385,234181,267382,283080,284822,301715,328508,331584,332505,332824,330661,329104,327738,328684,330215,330434,330344,331710,333824,335802,336411,339578,343803,349606,354354,357937,360825,364548,367267,371021,373179,379182,382513,385536,387266,387978,387551,387251,388616,391557,392612,395556,398552,400865,404517,409729,415779,420714,423950,428802,432849,434809,434923,434896,438464,439358,444665,449035,458150,463183,468068,471932,485039,487743,501719,507724,518533,522810,528322,533652,543198,556273,564497,571552,588295,599731,608673,612640,623253,632623,650383,645874,654572,674659,689709,705138,720883,742586,756529,776759,802060,829888,863380,904990,938099,957696,977980,1020046,1051037,1079880,1109652,1128210,1149590,1169742,1212596,1241277,1279515,1314418,1347787,1392179,1443282,1505374,1562984,1616961,1675018,1750403,1816155,1883998,1944219,1994158,2051923,2116174,2187650,2239466,2281104,2308707,2345338,2378744,2389922,2384818,2388486,2410897,2406290,2415705,2446924,2453507,2442994,2439217,2445060,2448781,2434438,2446742,2508613,2544918,2565484,2599523,2626879,2657069,2675853,2696524,2733333,2777692,2812746,2842805,2877592,2918621,2954342,2969622,2996826,3016395,3045549,3077697,3094231,3082413,3084986,3076155,3051493,3037106,3030846,3041381,3030277,3067871,3102727,3150415,3189144,3246405,3314144,3363983,3412896,3449739,3490759,3549931,3596531,3626824,3668510,3706404,3785414,3879735,3950191,4032514,4165695,4212806,4305966,4362360,4384986,4336501,4430000,4606861,4657246,4619304,4781316,4973278,5057185,5095909,5213548,5291875,5244107,5288860,5362299,5461840,5315271,5434222,5577163,5694156,5775577,5951537,6300662,6651547,6790497,6954607,7252726,7597044,7778705,7861742,8090454,8294558,8425879,8438530,8560140,8613787,8469328,7973617,7851922,7585287,7151972,6737999,6213891,6068234,5876191,5976878,6310437,6463313,6568700,6602399,6658974,6771679,6922464,6930563,7093430,7331295,7452906,7551416,7922468,8267420,8408581,8383570,8649659,8916711,9136923,9313448,9620905,9793331,9819314,9731402,9970428,10179215,10186136,10189540,10685393,10773608,10971490,11076911,11243141,11358303,11349211,11523250,11904891,12034746,12058802,12217064,12289363,12660872,12999474,13303893,14078963,14873002,15325541,15751731,16406503,16357686,15925689,15750848,16103304,16174353,15788309,15640241,15837863,15928906,16049215,15997284,16022624,16328440,16317577,16559424
"Households and nonprofit organizations; money market fund shares; asset","Currency","1000000","USD",Z1/Z1/FL153034005.Q,FL153034005.Q,0,0,0,0,0,0,0,0,0,0,0,0,0,0,0,0,0,0,0,0,0,0,0,0,0,0,0,0,0,0,0,0,0,0,0,0,0,0,0,0,0,0,0,0,0,0,0,0,0,0,0,0,0,0,0,0,0,0,0,0,0,0,0,0,0,0,0,0,0,0,0,0,0,0,0,0,0,0,0,0,0,0,0,0,0,0,0,0,0,0,0,0,0,0,0,263,570,1386,2379,3620,3661,3708,3645,3557,3341,3322,3099,2939,3017,2956,3197,4734,6050,7215,8928,15693,22681,29822,39459,54525,69928,70003,64366,98522,108564,137398,154610,164885,175381,201364,186712,164329,150654,150913,149944,163904,166718,167650,194318,201589,207124,203542,206063,223253,234247,250254,246652,258846,256795,262175,272141,296133,278076,275807,285064,310778,332092,364163,378599,405408,390937,413995,420793,468104,446878,442742,445494,467341,448536,439888,424952,433407,424119,420899,430286,443819,437726,447532,468051,488421,517225,530516,556982,609954,599424,621546,652572,693981,685712,714233,744849,806597,821838,894009,954349,1012262,991575,1024374,1120484,1186131,1158353,1207534,1295928,1429578,1426440,1492368,1567428,1536693,1485486,1457111,1530305,1482264,1451615,1401333,1364121,1323820,1280612,1238347,1240100,1197229,1173209,1190848,1261824,1263564,1302150,1369575,1465930,1516991,1579703,1794804,1967809,2187063,2113556,2113460,2358434,2330501,2209807,2046688,1962281,1753725,1649489,1645704,1790015,1738512,1712377,1684238,1711674,1648008,1598534,1645634,1749274,1672981,1637997,1665839,1680271,1676708,1615152,1647053,1676780,1642116,1621363,1690340,1723637,1700819,1632907,1600035,1580196,1535523,1516014,1576512,1653051,1621841,1659153,1657997,1826258,1946472,1907539,2149799,2271791,2735697,2952335,2790277,2696600,2788216,2774432,2710368,2805942,2778899,2839468,2930251,3097217,3445483,3641298,3840490,4030555,4103739,4190850,4396625,4707193,4793740,4843143,5030185,5328951,5419131
"Households and nonprofit organizations; mutual fund shares; asset","Currency","1000000","USD",Z1/Z1/LM153064205.Q,LM153064205.Q,1245,1298,1413,1516,3071,3344,3482,3612,3696,3837,3932,3867,3778,3753,4146,4512,4895,5469,6110,6525,7186,7257,7839,8555,8613,8506,9046,9106,9687,9001,8714,9463,10610,11791,13242,14132,14973,14747,15818,15312,16097,15640,17026,19440,20003,21007,22875,22981,18257,18796,20909,22156,23306,24118,24819,26433,27156,28523,28447,29751,29291,32050,34410,35326,34547,31301,33850,38226,39284,42006,42973,40523,45972,48300,49529,48554,46190,46004,45578,46279,37027,41919,44501,50329,50571,49798,53006,55084,54180,53712,56383,50224,45290,49090,43695,41490,37557,29123,31813,37436,42283,36835,38749,42619,42441,40957,41436,37826,40651,40413,40355,39400,41664,43683,41080,42476,43252,44837,38388,39456,44130,49129,52060,52359,53153,48742,52640,49981,50031,55666,65110,76160,92057,95017,98040,100040,100241,113338,119018,135840,162766,179161,219442,275257,312493,338139,375743,453009,458493,458924,404113,422040,428843,424255,420389,427100,456276,476389,468721,461905,484148,444432,470940,516151,537636,585136,646801,670372,714710,767030,815039,891599,965013,1048508,1099943,1073303,1061616,1100712,1019327,1058545,1126823,1200705,1239948,1317576,1407588,1458120,1489156,1504645,1688644,1860047,1880014,2122187,2216264,2019847,2277198,2319259,2475463,2359852,2743340,2950341,2837640,2846359,2556769,2311039,2510647,2171629,2414122,2427989,2274808,1964166,2055460,2044109,2365655,2471850,2733546,2904941,2861243,2922755,3187914,3163212,3209719,3361238,3409854,3639092,3586573,3731263,4016454,4207721,4482946,4599499,4540962,4233496,4285596,3734957,2904282,2713119,3244549,3819101,4041903,4300198,4032019,4457096,4728816,4983001,5049500,4501235,4709374,5283969,5187022,5497030,5583812,6032092,6001799,6291103,6650146,6850949,7129149,7030149,7122100,7342106,7362865,6848590,7011739,7020872,7163097,7415914,7365793,7793947,8044909,8407658,8728749,8770586,8871846,9202615,8061696,9073343,9475676,9434796,10052766,8147391,9431503,10009668,11049628,11569120,12223334,12224865,12925841,11986368,10153220,9463359,9866668,10316301,10712429,10254777,11084317,11903771,11934402,12548493,12332932,12071576,13005494,13610940,13696365,13369294
"Households and nonprofit organizations; life insurance reserves; asset","Currency","1000000","USD",Z1/Z1/FL153040005.Q,FL153040005.Q,39560,43360,46510,49353,52104,55049,57777,58445,59153,59892,60665,61439,62199,62937,63647,64339,65018,65687,66349,67031,67740,68498,69254,70104,71013,71904,72724,73468,74135,74784,75462,76183,76958,77752,78535,79331,80133,80994,81956,82895,83772,84539,85184,85872,86665,87588,88631,89663,90651,91563,92398,93355,94378,95473,96635,97719,98806,99913,101051,102149,103382,104656,105876,107049,108190,109347,110568,111833,113070,114312,115533,116735,117919,119108,120321,121558,122811,124080,125359,126700,127975,129291,130699,132198,133782,135412,137050,138719,140425,142160,143924,145728,147582,149445,151271,153053,154785,156539,158390,161437,163786,165845,168615,170603,173063,175284,177810,180110,182542,184977,187791,190447,193515,196379,199349,201981,204874,207470,210280,212738,215426,217843,220528,222820,225469,227675,230103,232020,234054,235699,237912,239825,242193,244236,246680,247938,249458,250814,252717,254827,257670,260483,264250,268176,272767,277335,282494,289559,295941,303247,313725,319905,327303,333606,341893,345669,354363,360192,371631,377994,386121,392530,399250,406098,415029,419933,427029,434387,439014,448765,457341,465502,474715,484439,494325,500724,507885,525937,531939,544664,560644,569996,580205,584946,593543,608575,624626,636314,653819,670936,678819,691038,702518,704873,734727,746927,766393,769442,821954,839921,843653,855851,858497,873952,904815,893567,924317,951100,963864,966107,971245,988227,1020778,1046778,1071080,1076843,1091284,1102570,1129170,1129787,1136242,1152863,1159509,1091029,1092390,1115167,1146454,1159681,1186322,1198472,1206282,1198197,1209161,1207985,1199279,1207948,1229267,1252903,1271025,1278557,1265611,1294756,1308090,1328508,1347048,1355994,1388535,1392485,1371896,1385443,1394910,1407954,1413629,1432193,1449988,1463468,1483612,1494391,1516575,1537350,1544961,1542703,1557216,1572857,1599639,1618255,1617493,1635960,1644937,1661493,1678576,1689238,1706956,1727020,1709872,1741891,1756225,1771504,1786248,1787836,1827919,1866195,1921752,1930529,1965471,1983040,2000338,1989936,1961581,1961391,1987088,2028092,2054635,2041747,2060475,2104885,2121665,2150760,2161913,2141256,2159815,2172837,2168245,2167929
"Households and nonprofit organizations; pension entitlements; asset","Currency","1000000","USD",Z1/Z1/FL153050005.Q,FL153050005.Q,61172,69381,77939,86476,95413,104563,118836,123170,127385,131502,135627,139907,144271,148566,152853,157093,161396,165597,169935,174407,179126,183738,188255,193193,198064,202861,207775,215365,223254,230809,238362,244119,249989,255963,261909,266994,272376,277689,282854,288834,295418,301296,307674,313878,320203,326199,332393,335970,339112,342950,347129,353307,359985,366147,372399,379682,387401,394671,401876,410278,418760,427482,435926,445818,456039,465258,475695,487192,498505,509672,520252,533152,548655,562373,576542,591689,607673,623045,638886,659903,675845,696324,716279,739207,761040,782805,805219,831638,858047,884124,911037,925340,939629,956899,969401,993426,1015519,1033712,1060356,1093315,1126810,1152352,1182138,1206466,1226453,1247028,1268980,1296706,1326185,1354320,1382302,1415229,1451323,1488737,1521778,1563938,1602268,1641416,1684319,1724350,1779887,1833785,1884123,1933066,1981973,2026635,2084376,2139456,2198868,2271462,2331384,2408222,2494575,2552166,2614619,2676848,2728682,2814425,2896256,2997273,3067438,3118680,3184551,3277173,3353180,3402400,3496575,3606001,3687527,3794033,3801361,3899612,3985938,4051392,4131497,4247031,4374152,4496352,4623302,4705283,4813273,4864307,4981536,5109791,5208743,5328804,5460492,5569202,5704100,5855622,6020766,6160737,6270840,6392930,6489951,6574767,6676019,6803249,6856695,7015813,7191749,7375122,7532929,7683054,7806239,7939063,8158717,8255126,8582770,8858194,8925054,9295173,9444363,9324258,9812187,9994489,10258149,10236959,10704386,10951798,10993968,11139934,11055541,10888563,11149684,10972881,11264940,11469315,11321221,11150307,11409411,11500352,11904101,12070046,12456864,12712982,12931815,13123825,13612114,13718799,13977668,14269972,14545562,14824189,14927883,15205069,15571247,15782802,16168039,16410762,16450160,16240974,16332962,16083719,15531142,15411001,15927030,16484005,16751615,17177877,17130582,17773625,18337306,18643114,18770096,18345496,18737301,19308254,19264818,19618483,19775271,20488967,20891087,21563910,22322844,22535198,22861076,22900061,23152733,23371053,23459077,23156831,23484869,23680432,23923739,24263652,24372054,24830360,25163493,25545873,25974691,26008956,26242197,26631861,25850508,26771958,27210358,27443316,28075427,26798366,28056051,28685139,29779411,30181722,30920769,30987815,31623620,30627151,28901560,28130497,28313420,29035377,29717524,29529701,30632064,31482211,31793827,32534777,32621418,32353987,33416816,34245317,34564558,34240786
"Nonprofit organizations; grants and trade receivables; asset","Currency","1000000","USD",Z1/Z1/FL163070005.Q,FL163070005.Q,0,0,0,0,0,0,0,0,0,0,0,0,0,0,0,0,0,0,0,0,0,0,0,0,0,0,0,0,0,0,0,0,0,0,0,0,0,0,0,0,0,0,0,0,0,0,0,0,0,0,0,0,0,0,0,0,0,0,0,0,0,0,0,0,0,0,0,0,0,0,0,0,0,0,0,0,0,0,0,0,0,0,0,0,0,0,0,0,0,0,0,0,0,0,0,0,0,0,0,0,0,0,0,0,0,0,0,0,0,0,0,0,0,0,0,0,0,0,0,0,0,0,0,0,0,0,0,0,0,0,0,0,0,0,0,0,0,0,0,0,0,0,0,0,0,0,0,0,0,0,51818,52512,53230,53960,54690,56182,57698,59202,60666,62157,63600,65041,66526,67534,68578,69630,70666,71283,71900,72519,73138,74205,75274,76341,77410,78557,79702,80849,81996,82973,83950,84929,85906,87640,89374,91108,93198,95074,96950,98826,100702,103167,105632,108097,110562,111283,112004,112725,113446,115974,118502,121030,123558,123783,124008,124233,124458,125643,126828,128013,129198,130283,131368,132453,133538,135946,138354,140762,143170,145638,148106,150574,153042,155068,157094,159120,161146,163620,166094,168568,171042,172918,174794,176670,178546,178344,178142,177940,177738,179254,180770,182286,183802,187438,191074,194710,198346,200605,202864,205123,207382,208797,210212,211627,213042,219912,226782,233652,240522,240575,240628,240681,240734,241530,242326,243122,243918,247921,251924,255927,259930,261314,262698,264082,265466,265176,264886,264596,264306,273906,283506,293106,302706,313097,323488,333879,344270,352604,360938,369272,377606,386837,396068,405299,414530,423655,432780,441905,451030,460058,469086,478114,487142,496237
"Households and nonprofit organizations; total miscellaneous assets","Currency","1000000","USD",Z1/Z1/FL153090005.Q,FL153090005.Q,3237,3675,4069,4545,5055,5657,6463,6679,6905,7131,7992,8211,8429,8637,8828,8993,9132,9269,9429,9610,9811,10012,10189,10354,10498,10641,10808,10979,11161,11338,11498,11639,11757,11877,12022,12193,12386,12586,12770,12952,13132,13310,13488,13678,13869,14060,14246,14425,14597,14768,14944,15125,15311,15495,15670,15898,16138,16408,16727,17070,17436,17813,18188,18565,18945,19331,19728,20335,20750,21173,21599,22057,22525,23009,23517,24122,24664,25052,25752,26393,27083,27782,28452,29108,29728,30348,30995,31681,32384,33117,33898,34647,35411,36176,36934,37667,38384,39103,39837,40699,41563,42562,43806,45136,46621,48164,49675,51407,53295,55213,57037,58821,60553,62293,64095,65976,67896,69849,71830,73951,75590,77200,78906,80908,82967,84927,86791,88241,89558,91108,95310,98409,102174,106790,111538,106420,109020,111439,114184,116225,122968,133392,145234,149386,154172,160129,165650,173200,180250,186870,195035,199654,203935,209288,215520,218941,222630,227349,232036,240590,242145,246949,251488,253157,255357,257588,261513,265505,270059,274830,278975,282289,285026,288959,290857,294131,296537,300966,304262,310888,317526,316789,320224,321057,322188,325533,328121,331381,334814,340342,340374,342668,342944,346180,346694,346872,347866,354227,417951,423173,430601,438577,440352,446239,462945,483518,491026,498490,513724,526366,548758,561385,572212,591276,611710,619334,626909,644462,666424,679885,688878,716097,748450,750864,753192,754369,771376,776560,800776,813825,832868,845414,853061,870658,887694,887480,892069,901456,918842,905837,902186,902248,907619,912311,916865,937850,965908,960868,959344,961694,976871,982962,993007,1007373,1031845,1034667,1043038,1045197,1050011,1052947,1058027,1072158,1089448,1100541,1116488,1128037,1146881,1150846,1159955,1190758,1201550,1213724,1220139,1234133,1253794,1255835,1263570,1267815,1296486,1298280,1322462,1362984,1377207,1386255,1393401,1417561,1432490,1444450,1466960,1492827,1526452,1547666,1564933,1579633,1615584,1637851,1657125,1681710,1708497,1723161,1737639,1748326,1781354,1783906
"Households and nonprofit organizations; total liabilities","Currency","1000000","USD",Z1/Z1/FL154190005.Q,FL154190005.Q,30584,37441,46468,55109,63061,76803,85567,86224,90411,93441,97890,100207,104699,107229,110624,110496,114312,117763,123092,126315,133426,138787,144426,146184,151445,154832,159599,160760,165827,168970,172075,171210,174780,178356,184146,186640,193675,199890,206698,207621,214480,219062,224545,225306,231507,235782,242908,244235,251334,257549,265044,267954,277471,284988,293999,297963,307560,314372,323363,326858,336463,343379,352779,355957,365653,369544,376015,375805,383139,389200,410854,402456,415170,422768,436130,434905,446316,452164,463762,456221,462779,469717,478718,481470,495120,507864,524058,531304,551242,566693,585391,597513,616421,635514,651927,656176,676967,695386,708576,707900,721930,742013,765731,775261,802013,827173,855307,872087,910820,949004,986838,1009747,1060106,1107675,1150198,1177742,1225297,1275704,1321171,1350185,1368434,1404433,1446883,1456128,1493528,1524516,1555995,1560063,1584275,1594249,1628952,1622139,1673239,1731052,1793652,1826024,1891030,1946767,2013847,2088085,2163678,2255688,2369161,2393253,2458951,2545440,2632598,2638075,2731360,2809137,2877269,2922185,3007998,3089056,3163638,3208293,3296741,3381113,3464613,3532855,3605963,3669545,3736231,3762151,3827517,3869727,3953578,3973908,4018011,4085871,4159138,4167217,4235597,4322616,4416834,4449716,4535862,4625641,4746725,4777497,4870353,4984773,5080532,5151999,5253090,5352206,5453534,5488494,5585182,5706390,5803270,5859929,6000012,6116596,6263849,6352103,6508097,6669465,6842081,6948649,7094816,7279799,7415583,7472505,7674753,7928592,8058224,8192741,8382161,8604816,8852842,9039204,9430224,9685415,9942149,10135109,10453712,10727300,11091234,11299174,11628362,11980983,12279705,12644874,13001693,13326276,13590356,13772691,14072281,14308229,14504537,14638756,14590557,14726798,14452986,14363641,14337776,14333512,14327543,14221149,14157937,14083954,14069984,14045468,14000007,13990592,13981003,13923635,13895475,13904044,13876372,13842267,13864864,13919501,14089787,14083156,14156569,14150731,14217727,14193310,14321743,14443072,14449617,14468360,14598222,14765892,14868021,14924808,15078987,15227168,15420817,15471902,15597620,15765114,15897359,15927452,16131647,16335112,16528704,16557628,16564565,16823020,17092754,17260656,17977855,18324597,18709389,19011668,19383760,19714319,19932478,19975226,20151745,20337596,20506963,20583428,20741514,20912042,20860228,20874073,21044205,21276794,21506681,21560050
"Nonprofit organizations; municipal securities; liability","Currency","1000000","USD",Z1/Z1/FL163162003.Q,FL163162003.Q,0,0,0,0,0,0,0,0,0,0,0,0,0,0,0,0,0,0,0,0,0,0,0,0,0,0,0,0,0,0,0,0,0,0,0,0,0,0,0,0,0,0,0,0,0,0,0,0,0,0,0,0,0,0,0,0,0,0,0,0,0,0,0,0,0,0,0,0,0,0,0,0,0,0,0,0,0,0,0,0,0,0,0,0,0,0,0,0,0,0,0,61,144,255,400,578,787,1028,1300,1603,1937,2303,2700,3131,3575,4082,4700,5453,6363,7291,8100,8808,9431,10039,10700,11398,12118,12854,13600,14339,15056,15820,16700,17634,18563,19660,21100,22860,24914,27186,29600,32309,35463,38535,41000,43368,45649,48212,51171,53635,56013,57850,81334,78698,78393,79199,78372,78339,78188,77948,78073,78178,78285,78989,79564,79271,79517,80471,82715,82882,83695,84265,85694,85495,86925,89027,89511,90587,91820,91436,91891,92579,93812,93740,92952,93617,94724,95193,96138,96515,97003,96364,96359,97616,99207,100371,102440,103523,106529,107244,109571,113584,117536,118674,121329,123350,126171,128874,131742,132517,135917,136330,137501,138656,142324,144462,151328,153440,156625,158059,163897,167987,171757,174523,177703,190149,195688,196972,201195,204315,206581,212555,215907,218000,226491,226623,232177,234765,242489,244182,255265,258225,268695,266111,264902,265543,269086,270871,272386,273331,271121,268491,270627,270471,269813,264959,263495,261776,256945,253324,249099,247621,244411,240099,235890,234760,234179,231388,229452,229024,225701,223231,221830,222820,222716,220419,218763,218582,221691,218140,219990,221604,221293,218606,218325,217114,217702,217398,216836,214155,211907,210601,207656,208489,208729,207824,207310,209390,206876,206137,206403,206691,208898,208974,208731,211203,214789,216571,217138,219201,225339,228648,233324,236636
"Households and nonprofit organizations; loans; liability","Currency","1000000","USD",Z1/Z1/FL154135005.Q,FL154135005.Q,29442,36067,44913,53423,61273,74845,83447,84061,88204,91189,95595,97869,102319,104806,108158,107988,111763,115171,120453,123626,130685,135989,141563,143246,148420,151717,156400,157483,162473,165541,168574,167639,171146,174656,180368,182564,189502,195608,202312,203144,209903,214457,219857,220580,226650,230865,237897,239137,246168,252324,259748,262564,271954,279333,288207,291997,301501,308218,317126,320493,329925,336663,345859,348845,358361,362089,368389,368002,375096,380909,402313,393692,406256,413573,426687,425235,436389,441988,453267,445463,451795,458425,467157,469632,483057,495408,511303,518270,537894,553018,571260,583170,601598,620308,636269,639927,659896,677702,690163,688965,702385,721757,744767,753571,779794,804208,831551,847264,884811,921787,958399,980137,1029354,1075893,1117311,1143602,1189950,1239235,1283296,1311003,1328078,1362670,1403487,1411217,1446896,1476133,1505450,1507329,1529136,1536463,1568287,1558038,1605307,1659307,1718572,1748048,1810303,1863086,1926457,1997650,2069895,2158904,2248394,2274646,2340502,2426231,2513855,2516583,2609062,2686665,2740684,2784996,2869983,2949512,3022530,3063500,3147541,3226785,3303305,3368918,3438381,3498606,3560532,3584526,3646417,3684477,3765719,3783864,3825583,3892628,3964187,3969522,4034610,4119643,4212587,4243514,4327253,4415269,4534113,4561848,4651547,4763933,4857024,4924719,5021688,5117113,5214109,5245513,5336716,5454725,5546787,5597591,5731540,5845605,5989456,6072937,6224552,6381698,6549190,6654214,6795276,6978482,7110773,7167513,7366513,7617571,7740636,7868378,8050412,8266582,8504457,8683729,9069002,9319773,9571787,9748280,10056475,10324349,10679495,10880125,11202411,11545871,11837754,12196549,12540614,12860926,13115206,13290201,13577821,13807394,13988403,14112019,14046651,14179350,13898815,13799347,13761618,13745976,13730872,13627976,13573023,13511515,13500201,13470507,13420263,13411992,13398977,13340629,13314566,13325483,13304624,13271590,13296085,13356629,13530605,13517491,13583478,13574457,13637226,13607460,13733684,13853036,13856346,13870590,13997411,14166018,14268840,14323099,14472412,14622752,14813288,14858271,14982395,15149675,15281380,15299087,15491252,15682010,15864148,15886199,15889304,16142442,16409178,16567191,17278050,17618789,17996969,18292699,18665398,18993973,19211598,19248200,19417659,19597908,19761996,19829920,19979887,20145745,20088788,20093351,20253471,20481253,20700422,20741324
"Households and nonprofit organizations; one-to-four-family residential mortgages; liability","Currency","1000000","USD",Z1/Z1/FL153165105.Q,FL153165105.Q,18706,23100,28267,33422,37406,45250,51792,53066,54798,56640,58416,60006,62225,64205,65938,67351,69614,72336,75356,78237,81697,85032,87936,90356,93327,96174,98745,100851,103039,105397,107374,108975,111142,114035,117177,119935,123346,127007,130099,132580,135366,138582,141378,143645,146603,150179,154027,156488,160237,164345,168307,171352,175801,180662,185106,188776,193368,198076,202335,205891,210329,215042,219449,223358,227232,230272,232742,234221,237076,241547,245974,249378,253675,258183,262934,264857,269738,274512,278689,275814,278674,282347,286015,289592,295363,302822,309454,316038,324462,334408,343552,351550,361814,372134,382218,389858,400439,411381,419339,424313,434575,446324,459087,469994,483990,501121,517073,531310,554091,579911,602997,621021,648036,678951,708641,733605,763421,795927,826724,856228,873960,901374,926526,940590,964154,981849,998261,1007909,1019260,1017736,1031175,1026258,1053751,1087568,1116384,1144101,1177677,1211497,1243294,1304981,1343287,1402164,1450249,1476952,1525857,1587994,1649024,1681564,1752706,1802929,1829012,1875971,1942504,2000012,2055294,2089337,2146955,2211155,2260582,2335399,2395917,2447266,2489811,2529691,2590651,2614503,2667880,2708276,2741243,2795879,2840903,2854704,2908346,2958532,2999676,3029954,3075116,3121545,3166443,3192435,3238836,3290337,3320508,3378859,3432208,3489362,3538631,3573449,3624587,3709280,3746359,3801444,3879702,3956156,4048590,4127637,4223691,4341259,4424263,4486213,4598096,4710446,4805227,4889625,5050018,5197552,5311785,5448810,5625040,5819160,6016313,6187241,6448380,6690933,6895613,7068688,7341273,7579492,7840578,8068560,8352759,8641881,8902867,9206938,9512090,9748424,9899344,10097254,10295194,10472672,10577134,10650123,10639283,10611842,10540066,10546587,10511574,10453428,10406753,10275461,10212856,10131755,9957898,9920126,9860668,9808393,9754939,9687961,9621830,9565631,9506994,9452898,9414598,9419206,9395044,9349466,9333885,9339354,9341508,9300937,9336611,9378337,9435806,9432082,9477858,9543348,9591930,9636529,9702560,9782801,9852345,9888689,9966851,10059020,10121618,10146937,10230964,10321977,10391320,10433093,10500568,10651618,10783195,10892406,11352693,11575735,11814490,12043988,12305715,12510190,12654093,12712054,12811741,12935683,13029400,13070927,13176535,13285043,13395530,13448100,13564743,13681820,13783209,13820984
"Households and nonprofit organizations; consumer credit; liability","Currency","1000000","USD",Z1/Z1/FL153166000.Q,FL153166000.Q,6800,9777,13298,16332,19374,23947,25350,24597,26878,27965,30522,30901,32672,33354,34614,32744,34006,34242,35963,35702,38755,40543,42949,42251,44281,44978,46580,45242,47223,47971,49217,46775,47704,47940,49490,48991,51878,53918,57213,55757,58622,59590,61248,59339,60597,61082,63435,62038,65435,66626,69344,68935,72217,74362,77870,78041,81812,84142,87352,87645,92243,94391,97489,97096,100205,100989,103422,101348,104131,105544,108567,107272,111404,114160,119324,118884,123675,125813,129231,126663,129421,131424,133660,134072,138912,143465,149243,148847,156222,161529,168757,171528,180398,186695,192980,190460,196777,201241,201926,195912,195933,201183,206996,204908,213148,220688,228961,229155,242048,252953,264892,266971,284526,298022,311305,313819,327319,341528,354616,349662,345637,350336,358044,353902,361610,371928,377882,373537,380887,386815,396718,391910,403838,420612,444878,452010,479799,501839,526584,536023,559592,585905,610574,606799,627891,649888,666355,644317,660313,679637,698640,693732,710128,725838,745206,753193,769617,784207,809285,792320,798712,812302,824391,802207,801306,802500,815581,793353,792332,801933,824769,807262,818662,842668,886169,883876,918580,959953,1021168,1024546,1063126,1109599,1168160,1162207,1196579,1229847,1273878,1254175,1278038,1305805,1344165,1324043,1367744,1400718,1441272,1442398,1471581,1511895,1553622,1553765,1601771,1667073,1741267,1749724,1784249,1814351,1891827,1883516,1917644,1951608,1997008,1989123,2021930,2059675,2102932,2096472,2114539,2164875,2220119,2204974,2232389,2278385,2320555,2337585,2349611,2411441,2456716,2440172,2476966,2555552,2609477,2602008,2620453,2643813,2643789,2578142,2548873,2558711,2555017,2493057,2478453,2503726,2646811,2628309,2653077,2702175,2756225,2745041,2790468,2850453,2912905,2913773,2960193,3030297,3090468,3096815,3164002,3242945,3309540,3307103,3377741,3463066,3400230,3412236,3476793,3561590,3636438,3630424,3682709,3749183,3830785,3819876,3858174,3934565,4007042,3994470,4052107,4124148,4192191,4113119,4062466,4107620,4149026,4132490,4350229,4425093,4512720,4542220,4659127,4754287,4858439,4851985,4906672,4927944,4988226,4956363,4980854,5027763,4948059,4963307,4996295,5040325,5099409,5073031
"Households and nonprofit organizations; depository institution loans n.e.c.; liability ","Currency","1000000","USD",Z1/Z1/FL153168005.Q,FL153168005.Q,290,174,156,161,177,319,550,550,533,466,417,431,571,347,478,583,510,581,675,804,1386,1451,1799,1432,1388,874,1181,1507,1972,1724,1568,762,333,472,1239,781,1016,1320,1424,908,1572,1526,2122,1795,2857,2725,2992,3202,3084,3259,3450,3160,3756,3373,3794,3561,4366,3863,5134,4309,4292,3929,4707,3546,5292,4707,5378,4488,5045,3532,13404,4976,6276,5424,6808,4866,5892,5043,7557,5199,5751,5633,7493,5154,6879,6040,8094,6401,8386,7181,8616,10062,10434,12058,11894,10248,12890,14225,17466,16443,18878,20117,23548,21579,23638,22208,24073,24587,24636,24160,24474,23380,24417,23817,24471,22925,21881,21675,22486,22115,22715,21851,23844,22230,23855,23464,26284,24266,25267,24622,26881,23251,23371,23017,25965,19588,17216,14718,19631,18349,24054,20334,26136,25032,17137,13052,22885,18688,19610,25738,26822,28582,27891,30938,27035,31561,32793,30530,31077,32533,32020,30188,31355,33900,32075,32550,33942,35198,36406,35837,37172,36092,33081,31022,28329,30025,32040,32497,34748,36102,38755,41330,48120,41156,47708,50336,44805,53145,57168,43708,55874,59460,57331,61210,67444,65099,67229,61639,60472,62949,60188,54875,60588,49580,43934,51575,38256,36206,25579,24324,17774,18834,21817,14918,57395,55903,55819,34888,33548,21341,29066,29901,35739,48300,59074,66521,86920,77551,78000,93326,100201,105697,87782,120404,118885,104896,119697,137468,148616,216151,224652,211097,213516,205326,189559,198079,209424,202936,203076,203578,205724,205433,210187,201086,215964,218618,226955,227500,235770,244135,254284,261131,280613,288500,290474,293039,291257,286703,298603,295294,299147,303118,319179,316198,339030,324827,339072,336950,350162,383924,375773,364722,370694,370337,370783,383969,423036,437629,460808,474737,498218,475606,469740,470002,475307,486405,482672,478937,347406,277626,238758,233724,234630,240873
"Households and nonprofit organizations; other loans and advances; liability","Currency","1000000","USD",Z1/Z1/FL153169005.Q,FL153169005.Q,3330,2602,2686,2787,3350,4063,4186,4229,4300,4347,4404,4618,4864,4850,4996,5086,5311,5615,6047,6442,6552,6701,6713,6770,6856,6905,7034,7006,7317,7327,7160,7550,8111,8280,8591,8742,8985,8984,9206,9090,9401,9679,9901,10472,11139,11279,11700,11525,11362,11883,12308,12575,13531,14161,14502,14538,14718,14749,14765,14930,15156,15215,15956,16409,17016,17321,17891,18796,19647,20891,22426,22257,24930,25654,27320,26142,26400,25754,26775,26458,26434,27288,28088,28635,29794,30737,32037,34295,35949,36811,37093,36512,35401,35633,35323,35216,35614,36432,36967,37620,38305,39157,40149,41915,43672,44704,45896,46514,48103,48680,49728,52193,55477,58223,55754,56035,60075,62614,61871,65448,67904,70792,76832,76061,78570,79902,83987,81708,83431,86833,92616,94186,100633,102153,102953,100544,101793,100118,101644,101284,105823,112784,122919,125798,126441,129755,132416,126023,129548,131715,132545,131007,132444,134396,136759,128953,136005,137172,136916,141492,143002,138382,142245,143822,145288,155634,166846,163903,170803,172516,173216,180821,181364,191748,199503,200950,203009,202966,213648,210692,212790,224660,222262,243692,245556,247099,255764,262837,274140,292273,295854,305573,317156,315378,317471,322292,345708,349730,392826,430468,411590,419645,374436,346741,353881,417074,359161,357858,337780,324740,324231,337922,424788,400682,360804,370985,387423,386484,425451,423466,424428,429950,410854,431573,443272,453559,486831,486592,535792,490738,503248,553665,496424,598399,389000,365095,379295,396638,423203,445771,459273,466895,483681,517001,515764,500700,474294,498409,490723,495165,466158,484569,494116,486975,607990,629658,633907,538134,522089,524363,531523,514374,500966,495671,506815,519200,497004,515472,532809,537983,571760,588222,580710,583296,557979,552219,563552,568455,575072,592096,577966,637387,716604,774897,799882,822127,827456,831035,783361,779812,707341,700330,712500,739400,737929,778909,800520,806502,849059,851815,892292,953049,1004058,1019624
"Nonprofit organizations; commercial mortgages; liability","Currency","1000000","USD",Z1/Z1/FL163165505.Q,FL163165505.Q,316,414,506,721,966,1266,1569,1619,1695,1771,1836,1913,1987,2050,2132,2224,2322,2397,2412,2441,2295,2262,2166,2437,2568,2786,2860,2877,2922,3122,3255,3577,3856,3929,3871,4115,4277,4379,4370,4809,4942,5080,5208,5329,5454,5600,5743,5884,6050,6211,6339,6542,6649,6775,6935,7081,7237,7388,7540,7718,7905,8086,8258,8436,8616,8800,8956,9149,9197,9395,11942,9809,9971,10152,10301,10486,10684,10866,11015,11329,11515,11733,11901,12179,12109,12344,12475,12689,12875,13089,13242,13518,13551,13788,13854,14145,14176,14423,14465,14677,14694,14976,14987,15175,15346,15487,15548,15698,15933,16083,16308,16572,16898,16880,17140,17218,17254,17491,17599,17550,17862,18317,18241,18434,18707,18990,19036,19909,20291,20457,20897,22433,23714,25957,28392,31805,33818,34914,35304,37013,37139,37717,38516,40065,43176,45542,43175,45991,46885,46646,53665,55704,57016,58328,58236,60456,62171,63721,65445,67174,68730,70468,72730,74906,77097,79290,81470,83134,84799,86463,88127,90643,93157,95673,98910,98709,98508,98308,98106,98073,98040,98007,97974,98805,99637,100469,101031,101907,102783,103659,104535,107071,109607,112143,114679,115511,116343,117175,118007,120819,123631,126443,129255,131843,134431,137019,139607,141988,144369,146750,149131,150609,152087,153565,155043,156232,157421,158610,159799,161784,163769,165754,167739,172153,176567,180981,185395,188632,191869,195106,198343,200526,202709,204892,207075,204627,202179,199731,197283,197536,197789,198042,198295,199745,201195,202645,204095,206282,208469,210656,212843,214917,216991,219065,221139,222934,224729,226524,228319,230922,233525,236128,238731,242101,245471,248841,252211,253971,255731,257491,259251,258366,257481,256596,255711,280634,305557,330480,355403,363967,372531,381095,389659,397061,404463,411865,419267,437827,456387,474947,493507,508225,517006,524879,531134,537316,539306,547500,548734,552503,561383,572335,579116,586812
"Nonprofit organizations; trade payables; liability","Currency","1000000","USD",Z1/Z1/FL163170005.Q,FL163170005.Q,504,671,771,851,884,951,1034,1058,1084,1110,1133,1154,1173,1192,1212,1233,1255,1277,1298,1318,1336,1356,1381,1413,1452,1493,1530,1563,1594,1625,1658,1694,1731,1769,1809,2059,2099,2149,2199,2239,2289,2269,2309,2309,2409,2439,2499,2549,2579,2599,2629,2679,2759,2849,2939,3068,3118,3168,3198,3268,3378,3488,3617,3727,3817,3887,3967,4067,4236,4415,4594,4733,4793,4982,5141,5280,5449,5608,5807,5966,6085,6284,6443,6632,6781,7100,7319,7478,7647,7826,8155,8195,8494,8673,8882,9141,9569,9748,10027,10074,10177,10357,10520,10657,10599,10687,10681,10788,10828,10866,11055,11268,11531,11684,11838,12077,12219,12255,12583,12840,13012,13356,13757,13919,14210,14378,14723,14873,15031,15251,15550,16127,16659,17260,17981,18659,19478,20214,21111,21729,22590,23655,24224,24941,25508,25881,26486,29297,29914,30018,43105,43741,44405,45069,45709,49781,53833,57881,61944,64759,67577,70403,73241,75492,77760,80031,82286,83452,84618,85784,86950,88888,90827,92765,94704,95856,97008,98161,99312,101791,104270,106749,109227,111560,113893,116226,118300,120706,123112,125518,127924,129805,131686,133567,135448,136923,138398,139873,141348,142860,144372,145884,147396,147246,147096,146946,146796,151127,155458,159789,164120,165756,167392,169028,170664,174759,178854,182949,187044,190970,194896,198822,202748,206830,210912,214994,219076,223292,227508,231724,235940,242247,248554,254861,261168,271143,281118,291093,301068,294123,287178,280233,273288,278248,283208,288168,293128,293991,294854,295717,296580,295990,295400,294810,294220,300853,307486,314119,320752,325419,330086,334753,339420,341745,344070,346395,348720,350055,351390,352725,354060,356114,358168,360222,362276,374413,386550,398687,410824,417857,424890,431923,438956,445886,452816,459746,466676,469386,472096,474806,477516,482353,487190,492027,496864,501341,505818,510295,514772,519073,523374,527675,531976,536426
"Life insurance companies, general accounts; deferred and unpaid life insurance premiums; asset","Currency","1000000","USD",Z1/Z1/FL543077073.Q,FL543077073.Q,638,703,784,835,904,1007,1086,1105,1123,1142,1162,1184,1207,1231,1254,1275,1294,1315,1341,1371,1405,1442,1482,1525,1573,1622,1669,1714,1760,1804,1843,1877,1903,1931,1969,2017,2074,2133,2187,2238,2288,2336,2379,2417,2448,2478,2512,2549,2587,2626,2667,2711,2758,2806,2853,2898,2941,2986,3039,3097,3160,3228,3303,3385,3475,3568,3659,3736,3807,3876,3947,4031,4121,4213,4302,4390,4478,4568,4688,4792,4899,5008,5118,5206,5282,5356,5436,5556,5701,5849,5976,6087,6185,6278,6376,6530,6715,6908,7086,7258,7431,7596,7744,7902,8045,8196,8375,8582,8818,9060,9284,9534,9790,10059,10349,10665,11010,11360,11692,12003,12288,12587,12939,13358,13859,14345,14722,15001,15194,15349,15515,15665,15810,15950,16099,15949,15600,15255,15108,15071,15180,15279,15209,14968,14548,14129,13885,13856,14196,14506,15407,15270,15325,15486,15835,15741,15850,15976,16649,16296,16310,16271,16764,16638,16415,16192,16062,16005,15990,16023,16110,16228,16348,16468,16591,16729,16877,17018,17162,17343,17533,17727,17922,18104,18302,18496,18685,18752,18825,18903,18988,18949,19250,18750,17616,18893,18976,19020,19801,19058,19251,19103,19913,19090,18820,19613,19464,19796,19666,20386,20368,21732,22073,22091,21995,21921,22695,23030,23500,23764,24474,23735,23296,23495,23676,23733,23897,24433,24463,24929,24929,26265,26657,26476,28101,27608,25954,25572,23217,25719,26615,23715,25868,26242,26723,25473,25403,27239,29110,29520,26069,27066,28968,27963,29072,30052,31426,30767,30297,31407,32272,32052,32021,33205,34025,33060,31698,33072,33494,33551,33479,35913,35764,36611,35378,36838,36143,37017,36896,39417,38464,38054,36964,39090,38260,38238,38434,40193,39390,39403,36961,37982,37998,38687,39372,40964,41020,39431,39530,42448,42021,39218,40959,45664
"Households and nonprofit organizations; net worth ","Currency","1000000","USD",Z1/Z1/FL152090005.Q,FL152090005.Q,806616,885216,984199,1037019,1079425,1171443,1280523,1298870,1321518,1334342,1338242,1348622,1350856,1365443,1386232,1409008,1430700,1466938,1484120,1505874,1540998,1580329,1600734,1643835,1654132,1672629,1710651,1723813,1761008,1759281,1776003,1809387,1836686,1890879,1921081,1941646,1969419,1982495,2016085,2024314,2042344,2037693,2091056,2141604,2164266,2200702,2256719,2269770,2174823,2214271,2319203,2353920,2386237,2428012,2422670,2469525,2513892,2560247,2604188,2648465,2645548,2723264,2803145,2810258,2842498,2813812,2902437,3009086,3050248,3136804,3204063,3227030,3365370,3427078,3595704,3613958,3621557,3643034,3660323,3688444,3624916,3752607,3875609,4039182,4113381,4173522,4294415,4453459,4518456,4643458,4889778,4915337,4955122,5137640,5101037,5131823,5114582,5074460,5213063,5466296,5699559,5695020,5861925,6062159,6238817,6354592,6522666,6631747,6811026,6950400,7107581,7280838,7527565,7773696,7955603,8270796,8546592,8825913,9096396,9300837,9646988,10038129,10359452,10553582,10839558,10945166,11258954,11406640,11546117,11764821,12084247,12425165,12721933,12880394,12980987,13239996,13471334,13807218,14097120,14498971,14838898,15044643,15548769,16051773,16428821,16611989,17180266,17803598,18090753,18502846,18436307,18941164,19370829,19690262,20181395,20611081,21038543,21578469,21976342,22017038,22308715,22174183,22629697,23132561,23217084,23555505,24128668,24136738,24254849,24638012,25237757,25573290,25862431,26294160,26745667,26893549,27103620,27498081,27723744,28290067,28894975,29353209,30076023,30627818,31118040,31436370,32172486,32483206,33879153,34911796,35541274,37183526,37901618,37247075,39316684,39628805,40759024,40731460,43271354,44332909,44391862,45035956,44491427,44292523,45577519,44536155,46026220,46704016,46117338,45011262,45938365,46205734,48096841,49011183,50914830,53414910,54302664,55559524,57786315,58706304,60244725,61940684,63351020,65368031,65640318,66766191,68275893,69192500,69896393,70719254,69921850,67722098,66621054,64228525,61063237,59208410,59612606,61356404,61497661,62740956,62195516,64245867,65963001,67045433,67448403,65579886,67032761,68994644,69099563,70995357,72025466,74846913,76102493,78640633,80859484,82557148,84743575,85427392,87003646,88633743,89485139,88521335,89995570,91127711,92840381,94563290,95239076,97592103,99787897,101451223,104037824,105100166,106340169,108415110,103978606,109422952,112317529,112798322,115670958,109838462,117465807,122307891,130656525,136273426,143804497,147420124,151597877,152206047,146360877,142745564,143702050,147350327,153212310,152056717,156278786,161885618,164874727,168988769,169760700,169608637,175931076,181137271,182866812,182979889
"All sectors; IRAs; liability","Currency","1000000","USD",Z1/Z1/FL893131573.Q,FL893131573.Q,,,,,,,,,,,,,,,,,,,,,,,,,,,,,,,,,,,,,,,,,,,,,,,,,,,,,,,,,,,,,,,,,,,,,,,,,,,,,,,,,,,,,,,,,,,,,,,,,,,,,,,,,,,,,,,,,,,,,,,,,,,,,,,38000.000000000000000,45500.000000000000000,53000.000000000000000,60500.000000000000000,68000.000000000000000,77750.000000000000000,87500.000000000000000,97250.000000000000000,107000.000000000000000,120000.000000000000000,133000.000000000000000,146000.000000000000000,159000.000000000000000,179500.000000000000000,200000.000000000000000,220500.000000000000000,241000.000000000000000,263000.000000000000000,285000.000000000000000,307000.000000000000000,329000.000000000000000,347750.000000000000000,366500.000000000000000,385250.000000000000000,404000.000000000000000,420000.000000000000000,436000.000000000000000,452000.000000000000000,468000.000000000000000,487500.000000000000000,507000.000000000000000,526500.000000000000000,546000.000000000000000,568750.000000000000000,591500.000000000000000,614250.000000000000000,637000.000000000000000,671750.000000000000000,706500.000000000000000,741250.000000000000000,776000.000000000000000,800250.000000000000000,824500.000000000000000,848750.000000000000000,873000.000000000000000,903000.000000000000000,933000.000000000000000,963000.000000000000000,993000.000000000000000,1008750.000000000000000,1024500.000000000000000,1040250.000000000000000,1056000.000000000000000,1114000.000000000000000,1172000.000000000000000,1230000.000000000000000,1288000.000000000000000,1332750.000000000000000,1377500.000000000000000,1422250.000000000000000,1467000.000000000000000,1532250.000000000000000,1597500.000000000000000,1662750.000000000000000,1728000.000000000000000,1833500.000000000000000,1939000.000000000000000,2044500.000000000000000,2150000.000000000000000,2275250.000000000000000,2400500.000000000000000,2525750.000000000000000,2651000.000000000000000,2645500.000000000000000,2640000.000000000000000,2634500.000000000000000,2629000.000000000000000,2626500.000000000000000,2624000.000000000000000,2621500.000000000000000,2619000.000000000000000,2597250.000000000000000,2575500.000000000000000,2553750.000000000000000,2532000.000000000000000,2647250.000000000000000,2762500.000000000000000,2877750.000000000000000,2993000.000000000000000,3069500.000000000000000,3146000.000000000000000,3222500.000000000000000,3299000.000000000000000,3330500.000000000000000,3362000.000000000000000,3393500.000000000000000,3425000.000000000000000,3620500.000000000000000,3816000.000000000000000,4011500.000000000000000,4207000.000000000000000,4340000.000000000000000,4605000.000000000000000,4775000.000000000000000,4748000.000000000000000,4555000.000000000000000,4580000.000000000000000,4225000.000000000000000,3681000.000000000000000,3536000.000000000000000,3925000.000000000000000,4325000.000000000000000,4488000.000000000000000,4644000.000000000000000,4405000.000000000000000,4757000.000000000000000,5029000.000000000000000,5255000.000000000000000,5315000.000000000000000,4910000.000000000000000,5153000.000000000000000,5550000.000000000000000,5450000.000000000000000,5700000.000000000000000,5785000.000000000000000,6123000.000000000000000,6189000.000000000000000,6487000.000000000000000,6819000.000000000000000,6961000.000000000000000,7215000.000000000000000,7182000.000000000000000,7292000.000000000000000,7400000.000000000000000,7380000.000000000000000,7165000.000000000000000,7477000.000000000000000,7610000.000000000000000,7770000.000000000000000,7950000.000000000000000,8015000.000000000000000,8415000.000000000000000,8680000.000000000000000,8980000.000000000000000,9439000.000000000000000,9395000.000000000000000,9540000.000000000000000,9910000.000000000000000,9135000.000000000000000,9948000.000000000000000,10267000.000000000000000,10396000.000000000000000,10949000.000000000000000,9700000.000000000000000,11050000.000000000000000,11700000.000000000000000,12661000.000000000000000,13000000.000000000000000,13725000.000000000000000,13740000.000000000000000,14563000.000000000000000,14000000.000000000000000,12550000.000000000000000,12100000.000000000000000,12900000.000000000000000,13600000.000000000000000,14220000.000000000000000,13715000.000000000000000,15000000.000000000000000,15830000.000000000000000,16185000.000000000000000,17030000.000000000000000,17000000.000000000000000,16784000.000000000000000,17960000.000000000000000,18894000.000000000000000,19220000.000000000000000,
"Households and nonprofit organizations; assets in 529 plans","Currency","1000000","USD",Z1/Z1/FL154023205.Q,FL154023205.Q,,,,,,,,,,,,,,,,,,,,,,,,,,,,,,,,,,,,,,,,,,,,,,,,,,,,,,,,,,,,,,,,,,,,,,,,,,,,,,,,,,,,,,,,,,,,,,,,,,,,,,,,,,,,,,,,,,,,,,,,,,,,,,,,,,,,,,,,,,,,,,,,,,,,,,,,,,,,,,,,,,,,,,,,,,,,,,,,,,,,,,,,,,,2430,2639,2856,3080,3290,3452,3592,3700,3900,4347,4818,5203,5750,6785,7710,8611,9290,9754,10750,11636,13578,17863,21789,22102,26849,27486,35415,39661,45771,50532,54349,57638,64689,67550,72357,78150,82591,89965,92883,98260,105694,112223,121995,128708,129939,125564,128624,120070,104937,100689,114180,128983,134317,141578,135705,148663,157970,166550,170237,155553,165379,181375,179520,189956,194232,205333,206426,216253,227078,233815,244285,243929,247919,255835,258524,244603,253493,258549,266427,271970,275130,289181,300254,306537,318961,321586,328995,333762,311328,339422,352501,350839,371416,329856,373498,387422,425336,438358,464369,458454,480267,457683,413432,388243,411297,432538,450764,431469,471169,496720,508287,527621,525116,525062,567827,587994,602937,594515
"Households and nonprofit organizations; assets in 529 savings plans","Currency","1000000","USD",Z1/Z1/LM154023223.Q,LM154023223.Q,,,,,,,,,,,,,,,,,,,,,,,,,,,,,,,,,,,,,,,,,,,,,,,,,,,,,,,,,,,,,,,,,,,,,,,,,,,,,,,,,,,,,,,,,,,,,,,,,,,,,,,,,,,,,,,,,,,,,,,,,,,,,,,,,,,,,,,,,,,,,,,,,,,,,,,,,,,,,,,,,,,,,,,,,,,,,,,,,,,,,,,,,,,37,78,128,194,247,322,376,405,527,648,794,876,1121,1448,1665,2523,3160,3674,4720,4926,11019,15222,18374,18616,21950,22204,25759,29485,35076,39470,42921,45691,52223,54588,58899,64471,68691,75324,77502,82777,90108,96089,105312,111670,112545,108281,111453,103696,89360,84767,97880,112306,117043,123889,117601,130030,138809,146892,149862,134977,144602,160048,157644,167722,171640,182656,183664,193396,204126,210223,220552,220552,224302,231916,234669,221415,230481,235412,242702,248114,251910,265620,276157,282237,294382,297412,304698,310370,288823,315847,328008,326252,346269,306156,348181,361660,398604,412344,437173,431111,452578,431715,389303,365533,387985,408456,426912,408612,446579,472123,483676,502010,500612,500429,542426,561865,576674,568606
"Households and nonprofit organizations; assets in 529 pre-paid plans","Currency","1000000","USD",Z1/Z1/FL154023213.Q,FL154023213.Q,,,,,,,,,,,,,,,,,,,,,,,,,,,,,,,,,,,,,,,,,,,,,,,,,,,,,,,,,,,,,,,,,,,,,,,,,,,,,,,,,,,,,,,,,,,,,,,,,,,,,,,,,,,,,,,,,,,,,,,,,,,,,,,,,,,,,,,,,,,,,,,,,,,,,,,,,,,,,,,,,,,,,,,,,,,,,,,,,,,,,,,,,,,2393,2561,2728,2886,3043,3130,3216,3295,3373,3699,4024,4327,4629,5337,6045,6088,6130,6080,6030,6710,2559,2641,3415,3486,4899,5282,9656,10176,10695,11062,11428,11947,12466,12962,13458,13679,13900,14641,15381,15483,15586,16134,16683,17038,17394,17283,17171,16374,15577,15922,16300,16677,17274,17689,18104,18633,19161,19658,20375,20576,20777,21327,21876,22234,22592,22677,22762,22857,22952,23592,23733,23377,23617,23919,23855,23188,23012,23137,23725,23856,23220,23561,24097,24300,24579,24174,24297,23392,22505,23575,24493,24587,25147,23700,25317,25762,26732,26014,27196,27343,27689,25968,24129,22710,23312,24082,23852,22857,24590,24597,24611,25611,24504,24633,25401,26129,26263,25909
"Households and nonprofit organizations; residential structures, current cost basis","Currency","1000000","USD",Z1/Z1/LM155012605.Q,LM155012605.Q,107881,134947,161775,177547,189268,216815,239083,243077,248065,253292,254730,257805,260974,266027,267631,269632,274140,281457,285717,292176,299882,307099,312200,317925,326028,329543,330961,333488,337726,343225,344802,346535,349973,353189,357271,361859,366675,371069,375628,378719,381650,383017,384736,385284,388602,390746,392649,395252,397273,399183,400596,404450,406838,406162,413165,414604,426442,432798,447207,450855,455430,459401,476286,474433,496393,497427,512151,517546,524100,532259,547833,562603,572731,578138,606687,621332,632420,636891,648150,653725,684395,671774,684139,707349,727750,747558,766012,785086,796432,818445,853184,875858,908965,950897,977503,1005637,1034456,1072430,1104527,1134709,1156953,1170833,1196106,1216158,1265688,1299736,1339461,1387261,1442353,1508295,1573197,1634966,1701946,1766105,1831729,1890744,1978009,2063653,2135421,2208590,2272189,2336619,2405706,2466147,2507785,2539500,2581167,2616073,2653490,2672374,2683834,2707675,2727173,2757365,2797853,2832672,2875047,2921333,2967423,3001042,3028097,3071060,3130579,3194151,3253183,3323165,3388026,3452489,3508387,3566927,3628634,3685772,3750552,3809258,3877884,3937058,4017577,4060043,4118329,4178250,4221272,4261081,4286949,4313802,4348863,4388162,4386102,4404061,4485038,4544330,4644247,4730664,4819281,4900596,4959167,5062412,5139233,5235850,5345804,5435963,5488025,5537062,5595474,5662148,5736378,5842759,5915880,5986061,6060457,6155779,6247659,6320395,6423243,6548029,6670661,6802175,6946800,7074012,7201103,7375745,7500729,7614375,7732127,7891434,8047090,8231502,8331888,8409792,8553512,8685872,8927652,9204379,9305986,9465293,9733240,10045415,10351126,10656645,10933637,11196491,11504946,11893621,12244682,12561040,12788320,12932710,13117069,13226962,13224748,13253509,13279424,13273053,13258998,13161369,12993347,12881450,12698289,12606765,12699789,12728381,12648836,12651322,12731988,12770529,12823109,12828991,12844484,12848778,12930959,13079894,13233254,13477847,13698002,13922503,14229801,14539280,14583612,14853878,14894225,15006143,15096651,15253034,15371195,15526064,15816610,16142585,16443078,16604288,16856383,17037529,17209829,17609930,17928157,18094759,18209742,18365912,18492766,18706481,18914074,19179290,19285093,19853761,20357455,21170812,22173959,23135797,24010448,25069745,26025335,26539427,26926192,26704439,26666284,27085361,27411522,27492856,27787256,28122289,28339455,28711778,28933299,29263647,29392764,29778471
"Households; residential structures, current cost basis","Currency","1000000","USD",Z1/Z1/LM155012665.Q,LM155012665.Q,102946,129012,155026,170531,182098,209093,230970,234922,239839,244989,246477,249539,252691,257666,259300,261318,265770,272951,277174,283541,291122,298228,303275,308913,316861,320353,321804,324340,328540,333967,335577,337306,340694,343866,347883,352401,357143,361474,365964,368884,371646,372882,374461,374871,377975,379938,381666,384018,385804,387482,388676,392433,394765,394123,400932,402284,413729,419856,433794,437282,441667,445468,461790,459881,481061,481954,496122,501353,507710,515618,530712,544976,554742,559935,587540,601669,612354,616629,627482,632854,662520,650279,662218,684637,704338,723464,741278,759646,770515,791728,825257,847209,879250,919832,945589,972775,1000620,1037327,1068344,1097631,1119249,1132796,1157381,1177157,1225483,1258832,1297729,1344334,1398072,1462355,1525650,1586038,1651526,1714305,1778531,1836201,1921317,2004873,2074957,2146302,2208306,2271137,2338531,2397389,2437969,2468889,2509469,2543313,2579597,2597865,2608923,2632293,2651477,2681079,2720724,2754916,2796468,2841827,2887002,2919873,2946362,2988324,3046413,3108462,3166121,3234452,3297809,3361124,3416111,3473674,3534331,3590672,3654474,3712366,3779939,3838492,3917846,3960057,4017703,4076681,4119158,4158482,4184180,4211085,4246036,4285163,4283892,4302401,4382512,4441228,4539926,4625637,4713559,4794387,4853047,4955272,5031791,5127691,5236658,5325893,5377788,5426759,5484922,5551112,5624761,5729949,5802519,5871726,5945085,6038992,6129543,6201366,6302776,6425756,6546662,6676714,6819665,6945521,7071300,7243583,7367113,7479507,7595948,7753269,7906999,8089044,8188531,8265803,8407788,8538617,8777047,9050278,9151359,9309237,9574002,9882320,10184361,10486072,10759960,11019529,11324043,11706853,12053364,12365494,12589892,12732624,12914667,13022656,13020241,13048287,13073488,13066184,13051323,12954065,12787654,12676877,12495965,12405239,12496138,12524508,12446488,12449156,12528761,12567093,12619243,12625441,12641102,12645235,12726021,12872506,13023073,13264471,13481813,13703429,14006521,14310590,14353674,14619149,14658314,14766895,14854406,15006753,15121484,15274221,15560430,15881492,16177487,16335546,16583027,16759848,16928824,17322521,17635691,17799346,17912468,18066870,18192441,18403462,18608464,18870780,18976225,19537143,20034188,20837810,21828271,22777883,23642012,24686400,25628709,26135831,26517950,26299594,26262055,26674856,26996160,27076623,27366933,27697267,27911336,28278795,28497728,28823846,28951762,29332415
"Nonprofit organizations; residential structures, current cost basis","Currency","1000000","USD",Z1/Z1/LM165012665.Q,LM165012665.Q,4935,5935,6749,7016,7170,7722,8113,8155,8226,8303,8253,8266,8283,8361,8331,8314,8370,8506,8543,8635,8760,8871,8925,9012,9167,9190,9157,9148,9186,9258,9225,9229,9279,9323,9388,9458,9532,9595,9664,9835,10004,10135,10275,10413,10627,10808,10983,11234,11469,11701,11920,12017,12073,12039,12233,12320,12713,12942,13413,13573,13763,13933,14496,14552,15332,15473,16029,16193,16390,16641,17121,17627,17989,18203,19147,19663,20066,20262,20668,20871,21875,21495,21921,22712,23412,24094,24734,25440,25917,26717,27927,28649,29715,31065,31914,32862,33836,35103,36183,37078,37704,38037,38725,39001,40205,40904,41732,42927,44281,45940,47547,48928,50420,51800,53198,54543,56692,58780,60464,62288,63883,65482,67175,68758,69816,70611,71698,72760,73893,74509,74911,75382,75696,76286,77129,77756,78579,79506,80421,81169,81735,82736,84166,85689,87062,88713,90217,91365,92276,93253,94303,95100,96078,96892,97945,98566,99731,99986,100626,101569,102114,102599,102769,102717,102827,102999,102210,101660,102526,103102,104321,105027,105722,106209,106120,107140,107442,108159,109146,110070,110237,110303,110552,111036,111617,112810,113361,114335,115372,116787,118116,119029,120467,122273,123999,125461,127135,128491,129803,132162,133616,134868,136179,138165,140091,142458,143357,143989,145724,147255,150605,154101,154627,156056,159238,163095,166765,170573,173677,176962,180903,186768,191318,195546,198428,200086,202402,204306,204507,205222,205936,206869,207675,207304,205693,204573,202324,201526,203651,203873,202348,202166,203227,203436,203866,203550,203382,203543,204938,207388,210181,213376,216189,219074,223280,228690,229938,234729,235911,239248,242245,246281,249711,251843,256180,261093,265591,268742,273356,277681,281005,287409,292466,295413,297274,299042,300325,303019,305610,308510,308868,316618,323267,333002,345688,357914,368436,383345,396626,403596,408242,404845,404229,410505,415362,416233,420323,425022,428119,432983,435571,439801,441002,446056
"Nonprofit organizations; nonresidential structures, current cost basis","Currency","1000000","USD",Z1/Z1/LM165013665.Q,LM165013665.Q,9756,13314,16169,16812,16685,19470,21708,22160,22356,22578,22903,22871,23108,23329,23209,23245,23366,23727,24104,24622,25283,26106,27175,28566,28677,29676,30191,30844,31567,32070,32319,31755,32252,32660,33054,33193,33771,34306,34730,35352,35641,35972,36253,36863,37531,38165,38897,39640,40483,41175,42005,42743,43466,44232,44927,45577,46845,47679,49212,49974,51081,51959,53799,54565,56653,57638,59260,60280,61360,62544,64184,65936,67617,68998,71603,73430,75472,77414,79787,81607,85190,86462,88917,91916,95170,98459,101360,104595,107160,109824,113257,115711,119017,123217,127127,130499,136197,142567,148620,152211,154186,154775,155835,157227,160502,163316,166031,171544,174937,179229,183364,187407,192923,198064,203983,210754,218332,226306,232381,238041,244462,251264,260753,267757,273164,277194,283309,292168,297694,300965,302007,303098,306152,311624,317342,320487,326640,331774,336794,341818,345041,349179,353560,359060,364529,369619,374980,378884,384311,390357,398184,405537,410794,416023,421681,427644,435032,440919,446678,452697,458130,464172,469035,476562,480552,483249,481235,484657,489988,495781,503019,509426,516476,523343,530789,537864,544327,554134,565159,572132,576231,582934,588166,591709,597010,607832,615515,624923,634028,644902,656471,670248,682436,693022,703652,715835,727618,739782,753280,766938,779002,792664,807954,822142,837436,853992,861331,872630,884832,895039,907738,923750,929738,941889,959906,980147,1003113,1031664,1064149,1087155,1108090,1141050,1180524,1210816,1241389,1264912,1298934,1320789,1333671,1352698,1376785,1391857,1403243,1426914,1454351,1451828,1421812,1395269,1402453,1402875,1406188,1409634,1414595,1416234,1431514,1445669,1462769,1483001,1501759,1506826,1500370,1507201,1528964,1550220,1583471,1600648,1615824,1632925,1644703,1659224,1666612,1687060,1698681,1702538,1725390,1737075,1762545,1788846,1814672,1836392,1844985,1863910,1894616,1925088,1975161,2004585,2037117,2062465,2088480,2122520,2132752,2145719,2156645,2177349,2230551,2294514,2439716,2546975,2665231,2777833,2843829,2880818,2877943,2853618,2883971,2889735,2925113,2942295,2966082,2982767,2983093,3015867,3062887,3096345
"Households and nonprofit organizations; disposable personal income ","Currency","1000000","USD",Z1/Z1/FA156012005.Q,FA156012005.Q,,165324,174691,194291,194338,214823,237177,243408,246447,253057,258904,262968,266799,266957,267217,269931,269820,271778,276713,282103,288631,295107,299354,303616,308551,313182,319894,323789,328145,332482,331974,333104,336028,343668,348811,353222,360377,362062,366634,371359,375715,377847,379358,383653,389432,396030,404186,409933,415826,419178,424193,429107,433739,440601,449437,460392,473838,481587,488675,496020,504149,519863,531956,541375,547242,558165,569061,579322,586696,597752,607280,623954,640688,649389,661666,669756,684950,707480,721137,737168,754520,774022,782186,805328,826350,838808,853832,866754,880815,905843,949861,968678,995679,1018430,1050700,1064035,1083985,1114191,1140869,1160434,1228887,1233647,1264165,1293610,1311899,1342259,1372140,1400016,1437330,1479197,1528880,1566088,1615146,1656310,1698742,1751557,1783199,1836048,1884378,1948375,1978594,2047035,2125789,2177067,2215467,2300120,2337014,2372184,2409803,2460346,2496537,2542271,2583834,2656772,2732466,2815063,2888212,2948522,2991250,3019219,3104431,3120151,3176512,3242404,3279727,3315453,3335966,3392286,3389595,3483129,3563869,3651096,3733634,3818096,3893495,3980878,4021334,4071738,4139149,4232899,4302906,4358183,4380538,4416999,4474407,4522073,4590565,4708396,4784123,4835461,4890790,4938702,4987377,5013209,5077153,5128478,5208541,5276837,5377530,5449491,5496388,5568821,5625106,5708977,5799069,5869286,5939133,6020067,6087066,6175301,6286188,6420339,6522052,6607201,6674156,6758699,6801647,6887387,7019003,7199618,7319561,7464027,7556664,7673477,7703502,7883495,7755899,7957569,8080919,8132548,8220458,8285363,8387901,8586985,8652611,8758765,8907978,9009501,9192274,9120285,9261799,9396375,9556135,9783857,9906545,9992331,10097401,10267698,10406081,10482565,10602170,10733994,11061837,10964447,10912439,10830420,10946227,10888261,10988307,11096944,11298797,11381992,11498297,11711592,11803351,11921126,11987448,12252058,12364178,12301844,12715043,12254044,12353217,12447306,12510375,12714403,12931863,13089118,13258193,13380512,13487843,13598262,13664798,13782355,13841829,13968108,14123300,14353057,14538770,14692114,14871770,15133060,15349067,15563067,15770966,15997304,16074939,16222057,16363691,16516203,18086128,17601130,17330270,19680548,18449206,18486877,18586976,18374350,18615769,19130892,19521072,20283389,20651019,20894643,21168040,21575360,21843210,22002574,22249490,22563684,22786610,23001218,23113194,23418613
"Households and nonprofit organizations; net worth as a percentage of disposable personal income","Percent","1","NA",Z1/Z1/FL152090006.Q,FL152090006.Q,,535.443371803247032,563.393992821610709,533.745438543216210,555.437125009004831,545.306159023940609,539.902014107607329,533.618245908104882,536.227911072157553,527.289069261075610,516.887456354478900,512.846353928995200,506.319813792405512,511.484396363459211,518.766321005025816,521.988359988293269,530.242235564450425,539.756050894480040,536.339167296079268,533.803043569192823,533.899130724003953,535.510577519340472,534.729383940084404,541.418996363828001,536.096820298751254,534.075777024222248,534.755700325732846,532.387635157463706,536.655472428347252,529.135622379557390,534.982558875092650,543.189754551131159,546.587278441082390,550.205139844268274,550.751295113972901,549.695687131605609,546.488399648146242,547.556854903303815,549.890326592732777,545.109718628066048,543.588730819903390,539.290585872059296,551.209174447355849,558.213750446366817,555.749347768031271,555.690705249602274,558.336706367860302,553.693018127352502,523.012846719541358,528.241272204171082,546.732925814428768,548.562572971310146,550.155139381056301,551.068177330509911,539.045583696936319,536.396092894750609,530.538369653763425,531.627037274677377,532.908026807182637,533.943248256118750,524.755181503880749,523.842589297564928,526.950499665385905,519.096356499653666,519.422431026858362,504.118316268486922,510.039767265723640,519.415023078702347,519.902641231574762,524.766809646810088,527.608895402450230,517.190385829724619,525.274345703368908,527.738843743888424,543.431882551015178,539.593224995371429,528.733046207752409,514.931036919771600,507.576660190782036,500.353284461615203,480.426787891639776,484.819152427192023,495.484283789277754,501.557390280730260,497.777055726992216,497.553909833954833,502.957876959401858,513.808877720783585,512.985836980523800,512.611799174912221,514.788774357511215,507.427339115784662,497.662590051613051,504.466649647005738,485.489349957171328,482.298345449162923,471.831436781874288,455.438950772354076,456.937886821361587,471.056191045763910,463.798494084484616,461.640947531992538,463.699358865337956,468.623356343874889,475.556159429956097,473.425173532082852,475.364467182648980,473.690764962686103,473.866509430680537,469.876568165024651,464.888107634346682,464.906026992097509,466.060962909854595,469.338245859772655,468.323200344725706,472.196816889202012,479.284241411082064,480.701659215881023,482.726719373713763,477.363803169307744,487.567838576281986,490.374072744237367,487.322702300181277,484.761456583559436,489.267409534874616,475.851955550145192,481.766647525432063,480.849723292965450,479.131136445593256,478.177512431178457,484.040356702103736,488.742746150980679,492.366483295753540,484.813687437235899,475.064901082026324,470.326799080517844,466.424698048481218,468.275892124935808,471.278562473882175,480.222567491791722,477.990916854006343,482.176753625064975,489.491901809280080,495.057762697060525,500.920384532005357,501.047341042083872,515.001229029312526,524.825966914346282,533.714293300527061,531.213334332435011,517.311576267253372,518.780210106773438,518.819702198983578,515.708934505575598,518.336217203309616,517.752146636998191,523.173223114518692,529.957205006805452,530.938656714218382,520.140879808377235,518.456947467595114,508.794222271070339,516.596299358663146,523.716693166559480,518.886268057420807,520.900580331188849,525.614341589760784,512.631862315744115,506.986310761658899,509.527666545133968,516.026185953598542,517.813994446314041,518.557762928288753,524.497590266035218,526.784741369818903,524.396292623269460,520.368748177272664,521.109160658174574,515.547926278421414,519.132278592624516,525.708423422800706,527.099170542561751,534.674770573212299,536.485219681214289,536.604063514333120,535.608077370910109,541.703406877737848,539.582129235438742,556.576068010433914,565.345651977126408,565.386743126358965,579.152058793157266,581.130265444065799,563.734548108949639,589.088483247919271,586.337764117029110,599.252275220986917,591.392066396152813,616.488607427579041,615.767518498898198,606.482570471097915,603.373434340470567,588.770740633697642,577.215822110367981,591.646745207569211,564.929071433418812,593.435012498228843,586.913112534745210,570.694223020921186,553.470602940185586,558.829756809170476,557.679050392843351,573.407353639486246,570.761248563960407,588.433129606774173,609.845223613146345,609.595843186860179,616.677036275371961,628.640042170196466,643.689360584674773,650.464609521325201,659.197660267922515,662.935585359562197,668.121280288540675,662.595468450403246,668.174329393211679,676.172941928324008,673.885223834982298,671.687960145610987,674.636923787260002,659.505083393305313,630.912384989222119,602.260311284644672,585.789007872444358,559.574598767516591,546.686181453104609,544.595005353595184,563.509672022006043,559.664566161102016,565.389496874094220,550.461402218306944,564.451876701371816,573.676270494665459,572.470702104376642,571.434356226464843,550.114864988424756,559.191256554355846,563.126979157297455,558.869040465124385,577.111502145531972,566.458691095264157,610.793570677565754,616.054046488457288,631.788378947219485,646.339411467094351,649.319895129469046,655.308323379828266,652.659649030591595,656.225520633536917,662.409203402800131,663.450328455472913,650.975356262440073,658.594218968624546,661.191144304335239,670.723361908804691,676.994261141165225,674.340105036275304,679.939494780957034,686.357213414648982,690.514806786824465,699.565849913730290,694.507032319861651,692.811940143956917,696.617896716630412,659.303974476735902,684.008704232179412,698.712007265308216,695.339203591751698,706.875718766825003,665.034587018460343,649.480126839687841,694.886581429715079,753.920887093065858,692.426991779439277,779.461712871931013,797.431194030230245,815.613453493412180,828.361530005859549,786.219882883541914,746.152160077010649,736.138107306474694,726.458121753560135,741.911620690183440,727.730626936291742,738.277073829747451,750.326381194105238,754.809971288583938,768.040908304637469,762.986925992461011,751.688586402823375,772.080952805178072,787.511647644050868,791.179322295308907,781.343835764056962
"Households; owners' equity in real estate","Currency","1000000","USD",Z1/Z1/FL155035065.Q,FL155035065.Q,97343,110322,149206,165904,179129,198065,219082,220104,228707,227944,236336,240176,244455,252143,249117,249241,251118,257445,262198,263364,269163,275656,279447,284972,290433,294044,295518,300371,304978,309273,309788,305490,308699,315292,321263,318117,324326,329355,333548,343000,344272,347072,345519,340843,347533,352800,357027,361645,361875,361529,364855,368273,364203,368660,368142,365068,371677,371588,377495,379544,378813,378501,386144,380769,403286,401160,416237,417488,422166,427324,439715,456803,468016,474391,505230,524811,534457,538461,553752,558501,582634,576660,588454,606792,622484,635660,647781,678961,687188,712245,755072,773584,803039,844763,869192,845006,824469,817198,841802,896328,941554,928244,954571,974392,1026159,1040643,1072904,1118692,1186542,1229442,1283809,1332144,1399856,1450091,1502236,1591248,1674961,1731468,1776547,1853068,1910998,1996673,2016635,2036183,2181092,2261520,2294699,2371815,2383283,2392103,2416198,2474362,2494423,2507058,2523082,2671738,2776314,2876124,2966096,3040155,3164836,3282226,3401590,3479126,3573295,3653849,3721895,3825901,3900103,3988989,4057145,4151566,4270760,4339655,4392832,4472937,4548109,4682014,4733735,4677585,4689245,4715460,4656585,4617712,4612160,4655887,4662705,4686270,4706811,4768109,4811300,4815401,4871741,4937488,5007066,5052415,5115347,5172096,5195354,5222768,5269472,5122800,5168740,5211803,5268600,5318731,5350474,5390139,5470582,5504039,5583930,5698226,5858343,6013101,6144219,6261700,6439793,6611911,6771742,7104385,7441483,7730898,8028869,8648110,8875346,9105746,9338666,9579011,9757590,9929849,10099486,10304031,10447560,10620946,10847092,11365304,11704325,12193584,12626953,13065477,13481537,13970153,14388797,14167696,14242405,14281299,14211823,13768046,13460574,13102156,12666878,11908054,11360261,10829570,10355559,9820726,9433212,9183978,9010514,9039065,9021790,8958835,8863245,8569836,8518396,8483043,8371029,8248946,8500171,8794152,9026883,9489676,10025079,10533861,10892742,11231590,11672436,12056349,12304210,12671726,13079943,13476155,13744505,14029315,14518164,14959287,15310946,15682291,16136574,16563075,16894191,17480717,17795344,18141904,17629227,17533028,18471095,18407101,18180524,19077121,19562086,20584523,21503953,23013437,25484174,26968058,27373467,29921609,31953743,30411267,29301759,29497491,31902347,32264885,31767149,32800551,34421827,34030465,33535454,34045175,35075971,34586464,34130214,34902358
"Households; owners' equity in real estate as a percentage of household real estate","Percent","1","NA",Z1/Z1/FL155035066.Q,FL155035066.Q,83.880946841420439,82.686513468543424,84.072506803851851,83.232493503105459,82.725194541298180,81.402708423237371,80.879670990940440,80.574001537504117,80.671240366131116,80.097264779467565,80.181304961459119,80.010127189505027,79.710121299073961,79.704312971790557,79.070955864848997,78.726247030878866,78.295274559445275,78.065443430640329,77.675868157391108,77.096964001861821,76.715214045488239,76.425054340593533,76.064216362760391,75.926123284167446,75.680894308943095,75.353776606922281,74.954535424323353,74.864040356710248,74.746395370781116,74.582921359153062,74.260838714935687,73.707068148094535,73.527597352331000,73.438660974036111,73.274108201806413,72.620830403696374,72.447238156507439,72.169681086505889,71.940075100237905,72.122460994995592,71.777465505235199,71.464870051518162,70.963468659695991,70.351174848499866,70.331447212913048,70.142093407478242,69.860914893533760,69.797716030440057,69.309841566560422,68.748217253562643,68.432296375210527,68.246096826499880,67.444500411108066,67.111821481753879,66.541948637862220,65.915311892879586,65.778300843295668,65.229328165374682,65.104427159684732,64.831108491976053,64.299099368233797,63.769768997359918,63.762956308940169,63.027972595166247,63.961060588278208,63.531781727882020,64.137206288647235,64.060493256959788,64.038092233201155,63.887356455878638,64.127468867081134,64.686390599577166,64.849914991318997,64.756734473240925,65.771111377257981,66.459702052001603,66.458632545589069,66.233564952341595,66.521471191351694,66.941263191959877,67.645255820217614,67.131001260758055,67.292722783769349,67.693310009995713,67.820017933272098,67.732785498283405,67.672097238400184,68.237355012417098,67.927445262689673,68.049773898321604,68.728882675055345,68.754832757698196,68.939085017594493,69.419433197715179,69.457012489911392,68.429073970898827,67.308646853477967,66.515706356693386,66.749237396928649,67.870677951085881,68.420475115341659,67.529871203170742,67.524889329668142,67.460637253476563,67.950844585534270,67.496906141277137,67.479215108143080,67.799432970384274,68.167270182743863,67.949261421071512,68.041388462830838,68.204375974380042,68.355948458219473,68.110023193530239,67.947515850045022,68.445101690300419,68.691492965417240,68.508009234805016,68.242875981793674,68.396660977611901,68.618557263700211,68.897191798476697,68.519357248889889,68.402360542775682,69.345672802699696,69.727496316330345,69.684994655264560,70.177771912736063,70.044169904685987,70.152960301058201,70.088093165433506,70.683536059326642,70.301597385021140,69.744613208717681,69.325609855951399,70.017052606255135,70.215486074702753,70.361807026629918,70.463796417058049,69.966854892459068,70.202964737208816,70.067308657050333,70.109292579576532,70.199177656203148,70.076259738874228,69.705426125887399,69.297172420585753,69.467549952655176,68.994070027839257,68.871641483874598,68.926890669073217,68.876657248225939,68.736174738430549,68.452412405888197,68.125715905675548,68.161387348349066,67.932270699727439,67.922518655788068,67.679731988126932,66.698925878057054,66.184019504423475,65.833315416504831,65.159907175588927,64.606850907945173,64.032778313911052,64.039026792235347,63.606178770180009,63.374681826308198,63.195178230447844,63.036972031156047,62.874704186493744,62.781422157845299,62.618078692436221,62.531351237712165,62.535623103629412,62.511560657525045,62.454918604723566,62.362188090851781,62.132027362061052,62.063482009881398,61.933253944262475,60.890485915063550,60.885722740106075,60.668234881083670,60.552996917067937,60.384591761235953,60.191369097338821,60.133721005472360,60.148217146927117,59.740024197577448,59.847342349202691,59.983409950029845,60.159333829326108,60.316440834056138,60.279938533136445,60.270448441512684,60.391078563066259,60.365273249661968,60.483556411416394,61.294378426376269,61.808498453309703,62.138768930430665,62.558897798489276,63.881513414171579,63.735109545430916,63.661863159111974,63.743198076291307,63.741849200892133,63.432520966830772,63.050627502974955,62.668230101405463,62.481723665706326,61.834736629036321,61.350625197877129,61.135503295579788,61.654057352308712,61.454226850740000,61.667613071431070,61.692604740649962,61.821965202388931,61.744775283801225,61.781938767649123,61.776595266014489,60.611413209721277,59.956673463275060,59.431808681273601,58.942908072429681,57.690647090126667,56.662339857839996,55.576889044535129,54.495230857736608,52.788192946619759,51.638620327766795,50.507727755989208,49.558503275207130,48.218073734124872,47.296631811441848,46.767775743904259,46.404645926741388,46.799310529287645,46.903852558555016,46.928015320637023,47.091959292801718,46.348586330247734,46.348366815633270,46.377129712505891,46.182521121078885,45.988675751064548,46.905256213152178,47.898997499044512,48.704774505625565,50.097077619968644,51.570193270186536,52.793192144345525,53.691132191556044,54.572467029874460,55.566303114191193,56.349394081606007,56.843621449748170,57.670415279203979,58.349481369884060,58.965016592799344,59.293876600706518,59.797440877028762,60.502378269198118,61.051748107907578,61.482641603323252,61.939264942047068,62.450134745227913,62.867808988397279,63.164033652806481,63.869552010007091,64.099196767402574,64.330885044759526,63.526811525919300,63.341944254626050,64.354599089911986,64.071325226657123,63.630908806585950,64.645823984875207,65.071054604826301,65.899699325854627,66.602206549801181,67.874545989020234,69.181165705541687,69.967317435520684,69.851732765757603,71.300329648592879,72.196417317175460,70.853296056562115,69.839504153079773,69.883461193433860,71.347417395609199,71.381591930437693,70.914277347569794,71.505328430882471,72.317251169273433,71.922433972388077,71.456959010277728,71.684201605385184,72.112368663009349,71.654637649848922,71.233094742573499,71.633752052558293