"Description:","Unit:","Multiplier:","Currency:","Unique Identifier:","Series Name:",2025Q1,2025Q2,2025Q3,2025Q4,2026Q1
"All domestic sectors; total financial assets","Currency","1000000","USD",Z1/Z1/FA884090005.Q,FA884090005.Q,11666187,9294578,9313531,10787504,17527010
"Nonfinancial business; total financial assets","Currency","1000000","USD",Z1/Z1/FA144090005.Q,FA144090005.Q,1513140,1585149,1189746,3878538,4941751
"Domestic financial sectors; total financial assets","Currency","1000000","USD",Z1/Z1/FA794090005.Q,FA794090005.Q,8097249,5505275,3392328,5406888,9138017
"Central bank, private depository institutions, and money market funds; total financial assets","Currency","1000000","USD",Z1/Z1/FA844090005.Q,FA844090005.Q,3251581,1420893,1301590,2342100,3885175
"Central bank; total financial assets","Currency","1000000","USD",Z1/Z1/FA714090005.Q,FA714090005.Q,-514192,-210800,-309620,192004,138924
"Private depository institutions and money market funds; total financial assets","Currency","1000000","USD",Z1/Z1/FA784090005.Q,FA784090005.Q,3765773,1631693,1611210,2150096,3746251
"Private depository institutions; total financial assets","Currency","1000000","USD",Z1/Z1/FA704090005.Q,FA704090005.Q,2839201,1172549,630223,728579,3039168
"Money market funds; total financial assets","Currency","1000000","USD",Z1/Z1/FA634090005.Q,FA634090005.Q,926572,459144,980987,1421517,707083
"Non-MMF investment funds; total financial assets","Currency","1000000","USD",Z1/Z1/FA694090005.Q,FA694090005.Q,865676,536976,45428,1717108,1669292
"Other financial intermediaries except insurance companies and pension funds; total financial assets","Currency","1000000","USD",Z1/Z1/FA804090005.Q,FA804090005.Q,3525839,2641266,1127875,1008288,2941829
"Other financial intermediaries except insurance companies, pension funds, financial auxiliaries and captive financial institutions and money lenders; total financial assets","Currency","1000000","USD",Z1/Z1/FA604090005.Q,FA604090005.Q,2598408,2007272,1020443,760971,2482833
"Captive financial institutions and money lenders; total financial assets","Currency","1000000","USD",Z1/Z1/FA774090005.Q,FA774090005.Q,927431,633994,107432,247318,458996
"Insurance companies and pension funds; total financial assets","Currency","1000000","USD",Z1/Z1/FA584090005.Q,FA584090005.Q,454153,906140,917435,339392,641720
"Insurance companies; total financial assets","Currency","1000000","USD",Z1/Z1/FA524090005.Q,FA524090005.Q,209748,584836,651355,-5719,368911
"Pension funds; total financial assets","Currency","1000000","USD",Z1/Z1/FA594090005.Q,FA594090005.Q,244405,321304,266080,345111,272809
"General government; total financial assets","Currency","1000000","USD",Z1/Z1/FA364090005.Q,FA364090005.Q,-894528,383701,2165312,400542,621181
"Federal government; total financial assets","Currency","1000000","USD",Z1/Z1/FA314090005.Q,FA314090005.Q,-1025576,25952,2021089,427873,395980
"State and local governments; total financial assets","Currency","1000000","USD",Z1/Z1/FA214090005.Q,FA214090005.Q,131048,357749,144222,-27331,225201
"Households and nonprofit organizations; total financial assets","Currency","1000000","USD",Z1/Z1/FA154090005.Q,FA154090005.Q,2950326,1820453,2566145,1101536,2826062
"Rest of the world; total financial assets","Currency","1000000","USD",Z1/Z1/FA264090005.Q,FA264090005.Q,3078696,2411928,3226257,1783733,2825339
"Federal government; monetary gold and SDRs; asset","Currency","1000000","USD",Z1/Z1/FA313011105.Q,FA313011105.Q,1356,-5192,1148,-2208,800
"Federal government; monetary gold and SDRs; asset","Currency","1000000","USD",Z1/Z1/FA313011105.Q,FA313011105.Q,1356,-5192,1148,-2208,800
"Federal government; monetary gold and SDRs; asset","Currency","1000000","USD",Z1/Z1/FA313011105.Q,FA313011105.Q,1356,-5192,1148,-2208,800
"Rest of the world; monetary gold and SDRs; assets","Currency","1000000","USD",Z1/Z1/FA263011105.Q,FA263011105.Q,0,0,0,0,0
"Federal government; monetary gold; asset","Currency","1000000","USD",Z1/Z1/FA313011203.Q,FA313011203.Q,0,0,0,0,0
"Federal government; monetary gold; asset","Currency","1000000","USD",Z1/Z1/FA313011203.Q,FA313011203.Q,0,0,0,0,0
"Federal government; monetary gold; asset","Currency","1000000","USD",Z1/Z1/FA313011203.Q,FA313011203.Q,0,0,0,0,0
"Rest of the world; monetary gold net transactions with U.S.","Currency","1000000","USD",Z1/Z1/FA263011205.Q,FA263011205.Q,0,0,0,0,0
"Federal government; special drawing rights (SDRs) holdings; asset","Currency","1000000","USD",Z1/Z1/FA313011303.Q,FA313011303.Q,1356,-5192,1148,-2208,800
"Federal government; special drawing rights (SDRs) holdings; asset","Currency","1000000","USD",Z1/Z1/FA313011303.Q,FA313011303.Q,1356,-5192,1148,-2208,800
"Federal government; special drawing rights (SDRs) holdings; asset","Currency","1000000","USD",Z1/Z1/FA313011303.Q,FA313011303.Q,1356,-5192,1148,-2208,800
"Federal government; special drawing rights (SDRs) allocations; liability","Currency","1000000","USD",Z1/Z1/FA313111303.Q,FA313111303.Q,0,0,0,0,0
"All domestic sectors; total currency and deposits; asset","Currency","1000000","USD",Z1/Z1/FA884000005.Q,FA884000005.Q,947387,662805,1994258,1214625,2010924
"Nonfinancial business; total currency and deposits; asset","Currency","1000000","USD",Z1/Z1/FA144000005.Q,FA144000005.Q,175904,-24504,177603,1352400,316333
"Domestic financial sectors; total currency and deposits; asset","Currency","1000000","USD",Z1/Z1/FA794000005.Q,FA794000005.Q,1297244,-456537,-213091,268625,597221
"Central bank, private depository institutions, and money market funds; total currency and deposits; asset","Currency","1000000","USD",Z1/Z1/FA844000005.Q,FA844000005.Q,1301500,-897693,-169775,247789,470817
"Central bank; total currency and deposits; asset","Currency","1000000","USD",Z1/Z1/FA714000005.Q,FA714000005.Q,-21760,18928,-1254,6294,-13302
"Private depository institutions and money market funds; total currency and deposits; asset","Currency","1000000","USD",Z1/Z1/FA784000005.Q,FA784000005.Q,1323260,-916621,-168521,241495,484119
"Private depository institutions; total currency and deposits; asset","Currency","1000000","USD",Z1/Z1/FA704000005.Q,FA704000005.Q,1080748,-753364,-34976,251588,310305
"Money market funds; other deposits including time and savings deposits; asset","Currency","1000000","USD",Z1/Z1/FA633030205.Q,FA633030205.Q,242512,-163257,-133545,-10093,173813
"Mortgage real estate investment trusts; checkable deposits and currency; asset","Currency","1000000","USD",Z1/Z1/FA643020073.Q,FA643020073.Q,204,-1244,4768,152,1292
"Other financial intermediaries except insurance companies and pension funds; total currency and deposits; asset","Currency","1000000","USD",Z1/Z1/FA804000005.Q,FA804000005.Q,73220,321584,-92920,15780,165404
"Other financial intermediaries except insurance companies, pension funds, financial auxiliaries and captive financial institutions and money lenders; total currency and deposits; asset","Currency","1000000","USD",Z1/Z1/FA604000005.Q,FA604000005.Q,36388,34308,43524,-102712,128784
"Captive financial institutions and money lenders; other deposits; asset","Currency","1000000","USD",Z1/Z1/FA773030205.Q,FA773030205.Q,36832,287276,-136444,118492,36620
"Insurance companies and pension funds; total currency and deposits; asset","Currency","1000000","USD",Z1/Z1/FA584000005.Q,FA584000005.Q,-77680,120816,44836,4904,-40292
"Insurance companies; checkable deposits and currency; asset","Currency","1000000","USD",Z1/Z1/FA523020005.Q,FA523020005.Q,-34768,163212,22480,-28900,-32160
"Pension funds; total currency and deposits; asset","Currency","1000000","USD",Z1/Z1/FA594000005.Q,FA594000005.Q,-42912,-42396,22356,33804,-8132
"General government; total currency and deposits; asset","Currency","1000000","USD",Z1/Z1/FA364000005.Q,FA364000005.Q,-1207386,207096,1705920,28395,90553
"Federal government; total currency and deposits; asset","Currency","1000000","USD",Z1/Z1/FA314000005.Q,FA314000005.Q,-1248334,216192,1744492,-60630,84497
"State and local governments; total currency and deposits; asset","Currency","1000000","USD",Z1/Z1/FA214000005.Q,FA214000005.Q,40948,-9096,-38572,89025,6056
"Households and nonprofit organizations; total currency and deposits; asset","Currency","1000000","USD",Z1/Z1/FA154000005.Q,FA154000005.Q,681625,936750,323827,-434795,1006817
"Rest of the world; total currency and deposits; asset","Currency","1000000","USD",Z1/Z1/FA264000005.Q,FA264000005.Q,622144,57344,284676,427764,323360
"All domestic sectors; currency; asset","Currency","1000000","USD",Z1/Z1/FA883025005.Q,FA883025005.Q,40708,42384,24900,32639,58511
"Central bank, private depository institutions, and money market funds; currency; asset","Currency","1000000","USD",Z1/Z1/FA843025005.Q,FA843025005.Q,-12084,-3336,9616,2231,-4717
"Central bank, private depository institutions, and money market funds; currency; asset","Currency","1000000","USD",Z1/Z1/FA843025005.Q,FA843025005.Q,-12084,-3336,9616,2231,-4717
"Central bank; coin; asset","Currency","1000000","USD",Z1/Z1/FA713012003.Q,FA713012003.Q,308,-432,144,-8,108
"Private depository institutions; vault cash; asset","Currency","1000000","USD",Z1/Z1/FA703025005.Q,FA703025005.Q,-12392,-2904,9472,2239,-4825
"Private depository institutions; vault cash; asset","Currency","1000000","USD",Z1/Z1/FA703025005.Q,FA703025005.Q,-12392,-2904,9472,2239,-4825
"Households and nonprofit organizations; currency; asset","Currency","1000000","USD",Z1/Z1/FA153025005.Q,FA153025005.Q,52792,45720,15284,30408,63228
"Rest of the world; currency; asset","Currency","1000000","USD",Z1/Z1/FA263025003.Q,FA263025003.Q,18408,33552,59392,35728,18004
"All domestic sectors; transferable deposits; asset","Currency","1000000","USD",Z1/Z1/FA883030405.Q,FA883030405.Q,587015,112561,1850311,4168055,1289375
"Nonfinancial business; checkable deposits and currency; asset","Currency","1000000","USD",Z1/Z1/FA143020005.Q,FA143020005.Q,190700,-38324,47487,999256,84081
"Domestic financial sectors; transferable deposits; asset","Currency","1000000","USD",Z1/Z1/FA793030405.Q,FA793030405.Q,1001104,-586908,42830,206147,354445
"Domestic financial sectors; interbank transactions; asset","Currency","1000000","USD",Z1/Z1/FA794010005.Q,FA794010005.Q,1070316,-739336,-42082,257223,297881
"Central bank; interbank transactions with all depository institutions; asset","Currency","1000000","USD",Z1/Z1/FA714010005.Q,FA714010005.Q,-22068,19360,-1370,6290,-13394
"Private depository institutions; interbank transactions; asset","Currency","1000000","USD",Z1/Z1/FA704010005.Q,FA704010005.Q,1092384,-758696,-40712,250933,311275
"Private depository institutions; interbank transactions; asset","Currency","1000000","USD",Z1/Z1/FA704010005.Q,FA704010005.Q,1092384,-758696,-40712,250933,311275
"Mortgage real estate investment trusts; checkable deposits and currency; asset","Currency","1000000","USD",Z1/Z1/FA643020073.Q,FA643020073.Q,204,-1244,4768,152,1292
"Other financial intermediaries except insurance companies, pension funds, financial auxiliaries and captive financial institutions and money lenders; checkable deposits and currency; asset","Currency","1000000","USD",Z1/Z1/FA603020005.Q,FA603020005.Q,7580,32132,34656,-56860,94952
"Other financial intermediaries except insurance companies, pension funds, financial auxiliaries and captive financial institutions and money lenders; checkable deposits and currency; asset","Currency","1000000","USD",Z1/Z1/FA603020005.Q,FA603020005.Q,7580,32132,34656,-56860,94952
"Insurance companies and pension funds; checkable deposits and currency; asset","Currency","1000000","USD",Z1/Z1/FA583020005.Q,FA583020005.Q,-76996,121540,45488,5632,-39680
"Insurance companies; checkable deposits and currency; asset","Currency","1000000","USD",Z1/Z1/FA523020005.Q,FA523020005.Q,-34768,163212,22480,-28900,-32160
"Pension funds; checkable deposits and currency; asset","Currency","1000000","USD",Z1/Z1/FA593020005.Q,FA593020005.Q,-42228,-41672,23008,34532,-7520
"General government; other transferable deposits; asset","Currency","1000000","USD",Z1/Z1/FA363027005.Q,FA363027005.Q,-1236342,200608,1742974,57915,38781
"Federal government; checkable deposits; asset","Currency","1000000","USD",Z1/Z1/FA313020005.Q,FA313020005.Q,-1266862,204796,1734030,-70180,73222
"State and local governments; checkable deposits and currency; asset","Currency","1000000","USD",Z1/Z1/FA213020005.Q,FA213020005.Q,30520,-4188,8944,128095,-34441
"Households and nonprofit organizations; checkable deposits; asset","Currency","1000000","USD",Z1/Z1/FA153027005.Q,FA153027005.Q,631553,537185,17020,2904737,812068
"Rest of the world; transferable deposits; asset","Currency","1000000","USD",Z1/Z1/FA263030405.Q,FA263030405.Q,481220,-27284,180496,380676,158612
"Domestic financial sectors; interbank transactions; asset","Currency","1000000","USD",Z1/Z1/FA794010005.Q,FA794010005.Q,1070316,-739336,-42082,257223,297881
"Domestic financial sectors; interbank transactions; asset","Currency","1000000","USD",Z1/Z1/FA794010005.Q,FA794010005.Q,1070316,-739336,-42082,257223,297881
"Domestic financial sectors; interbank transactions; asset","Currency","1000000","USD",Z1/Z1/FA794010005.Q,FA794010005.Q,1070316,-739336,-42082,257223,297881
"Central bank; interbank transactions with all depository institutions; asset","Currency","1000000","USD",Z1/Z1/FA714010005.Q,FA714010005.Q,-22068,19360,-1370,6290,-13394
"Private depository institutions; interbank transactions; asset","Currency","1000000","USD",Z1/Z1/FA704010005.Q,FA704010005.Q,1092384,-758696,-40712,250933,311275
"Private depository institutions; interbank transactions; asset","Currency","1000000","USD",Z1/Z1/FA704010005.Q,FA704010005.Q,1092384,-758696,-40712,250933,311275
"Rest of the world; interbank transactions with banks in foreign countries; asset","Currency","1000000","USD",Z1/Z1/FA264016005.Q,FA264016005.Q,450288,-71552,167740,385524,94772
"All domestic sectors; other transferable deposits; asset","Currency","1000000","USD",Z1/Z1/FA883027005.Q,FA883027005.Q,-483301,851897,1892393,3910832,991494
"Nonfinancial business; checkable deposits and currency; asset","Currency","1000000","USD",Z1/Z1/FA143020005.Q,FA143020005.Q,190700,-38324,47487,999256,84081
"Domestic financial sectors; other transferable deposits; asset","Currency","1000000","USD",Z1/Z1/FA793027005.Q,FA793027005.Q,-69212,152428,84912,-51076,56564
"Mortgage real estate investment trusts; checkable deposits and currency; asset","Currency","1000000","USD",Z1/Z1/FA643020073.Q,FA643020073.Q,204,-1244,4768,152,1292
"Other financial intermediaries except insurance companies, pension funds, financial auxiliaries and captive financial institutions and money lenders; checkable deposits and currency; asset","Currency","1000000","USD",Z1/Z1/FA603020005.Q,FA603020005.Q,7580,32132,34656,-56860,94952
"Other financial intermediaries except insurance companies, pension funds, financial auxiliaries and captive financial institutions and money lenders; checkable deposits and currency; asset","Currency","1000000","USD",Z1/Z1/FA603020005.Q,FA603020005.Q,7580,32132,34656,-56860,94952
"Insurance companies and pension funds; checkable deposits and currency; asset","Currency","1000000","USD",Z1/Z1/FA583020005.Q,FA583020005.Q,-76996,121540,45488,5632,-39680
"Insurance companies; checkable deposits and currency; asset","Currency","1000000","USD",Z1/Z1/FA523020005.Q,FA523020005.Q,-34768,163212,22480,-28900,-32160
"Pension funds; checkable deposits and currency; asset","Currency","1000000","USD",Z1/Z1/FA593020005.Q,FA593020005.Q,-42228,-41672,23008,34532,-7520
"General government; other transferable deposits; asset","Currency","1000000","USD",Z1/Z1/FA363027005.Q,FA363027005.Q,-1236342,200608,1742974,57915,38781
"Federal government; checkable deposits; asset","Currency","1000000","USD",Z1/Z1/FA313020005.Q,FA313020005.Q,-1266862,204796,1734030,-70180,73222
"State and local governments; checkable deposits and currency; asset","Currency","1000000","USD",Z1/Z1/FA213020005.Q,FA213020005.Q,30520,-4188,8944,128095,-34441
"Households and nonprofit organizations; checkable deposits; asset","Currency","1000000","USD",Z1/Z1/FA153027005.Q,FA153027005.Q,631553,537185,17020,2904737,812068
"Rest of the world; checkable deposits; assets","Currency","1000000","USD",Z1/Z1/FA263027003.Q,FA263027003.Q,30932,44268,12756,-4848,63840
"All domestic sectors; other deposits including time and savings deposits; asset","Currency","1000000","USD",Z1/Z1/FA883030205.Q,FA883030205.Q,319664,507860,119047,-2986069,663038
"Nonfinancial business; Other deposits including time and savings deposits; asset (IMA)","Currency","1000000","USD",Z1/Z1/FA143030205.Q,FA143030205.Q,-14796,13820,130116,353144,232252
"Domestic financial sectors; other deposits including time and savings deposits; asset (IMA)","Currency","1000000","USD",Z1/Z1/FA793030205.Q,FA793030205.Q,308224,133707,-265537,60247,247493
"Central bank, private depository institutions, and money market funds; other deposits including time and savings deposits; asset (IMA)","Currency","1000000","USD",Z1/Z1/FA843030205.Q,FA843030205.Q,243268,-155021,-137309,-11665,177653
"Central bank; reserve position in IMF (net); asset","Currency","1000000","USD",Z1/Z1/FA713011405.Q,FA713011405.Q,0,0,-28,12,-16
"Private depository institutions and money market funds; other deposits including time and savings deposits; asset (IMA)","Currency","1000000","USD",Z1/Z1/FA783030205.Q,FA783030205.Q,243268,-155021,-137281,-11677,177669
"Government-sponsored enterprises; U.S.-chartered depository institutions deposits at Federal Home Loan Banks; liability","Currency","1000000","USD",Z1/Z1/FA403197033.Q,FA403197033.Q,756,8236,-3736,-1584,3856
"Money market funds; other deposits including time and savings deposits; asset","Currency","1000000","USD",Z1/Z1/FA633030205.Q,FA633030205.Q,242512,-163257,-133545,-10093,173813
"Other financial intermediaries except insurance companies and pension funds; other deposits including time and savings deposits; asset (IMA)","Currency","1000000","USD",Z1/Z1/FA803030205.Q,FA803030205.Q,65640,289452,-127576,72640,70452
"Other financial intermediaries except insurance companies, pension funds, financial auxiliaries and captive financial institutions and money lenders; other deposits including time and savings deposits; asset (IMA)","Currency","1000000","USD",Z1/Z1/FA603030005.Q,FA603030005.Q,28808,2176,8868,-45852,33832
"Captive financial institutions and money lenders; other deposits; asset","Currency","1000000","USD",Z1/Z1/FA773030205.Q,FA773030205.Q,36832,287276,-136444,118492,36620
"Pension funds; total time and savings deposits; asset","Currency","1000000","USD",Z1/Z1/FA593030005.Q,FA593030005.Q,-684,-724,-652,-728,-612
"Pension funds; total time and savings deposits; asset","Currency","1000000","USD",Z1/Z1/FA593030005.Q,FA593030005.Q,-684,-724,-652,-728,-612
"General government; other deposits including time and savings deposits; asset (IMA)","Currency","1000000","USD",Z1/Z1/FA363030205.Q,FA363030205.Q,28956,6488,-37054,-29519,51772
"Federal government; other deposits including time and savings deposits; asset (IMA)","Currency","1000000","USD",Z1/Z1/FA313030205.Q,FA313030205.Q,18528,11396,10462,9550,11275
"State and local governments; total time and savings deposits; asset","Currency","1000000","USD",Z1/Z1/FA213030000.Q,FA213030000.Q,10428,-4908,-47516,-39069,40497
"Households and nonprofit organizations; other deposits including time and savings deposits; asset (IMA)","Currency","1000000","USD",Z1/Z1/FA153030205.Q,FA153030205.Q,-2720,353845,291523,-3369940,131521
"Rest of the world; U.S. total time and savings deposits; asset","Currency","1000000","USD",Z1/Z1/FA263030005.Q,FA263030005.Q,122516,51076,44788,11360,146744
"All domestic sectors; debt securities; asset","Currency","1000000","USD",Z1/Z1/FA884022005.Q,FA884022005.Q,1626196,1787305,3884014,1667233,3052047
"Nonfinancial business; debt securities; asset","Currency","1000000","USD",Z1/Z1/FA144022005.Q,FA144022005.Q,55396,-24924,49600,89905,37233
"Domestic financial sectors; debt securities; asset","Currency","1000000","USD",Z1/Z1/FA794022005.Q,FA794022005.Q,1355458,1462916,3869084,2444101,3705702
"Central bank, private depository institutions, and money market funds; debt securities; asset","Currency","1000000","USD",Z1/Z1/FA844022005.Q,FA844022005.Q,-470609,-135874,2218244,697475,1076803
"Central bank; debt securities; asset","Currency","1000000","USD",Z1/Z1/FA714022005.Q,FA714022005.Q,-492206,-269516,-281008,-86102,451180
"Private depository institutions and money market funds; debt securities; asset","Currency","1000000","USD",Z1/Z1/FA784022005.Q,FA784022005.Q,21597,133642,2499252,783577,625623
"Private depository institutions; debt securities; asset","Currency","1000000","USD",Z1/Z1/FA704022005.Q,FA704022005.Q,380716,348504,201781,-272053,774562
"Money market funds; debt securities; asset","Currency","1000000","USD",Z1/Z1/FA634022005.Q,FA634022005.Q,-359119,-214862,2297471,1055631,-148939
"Non-MMF investment funds; debt securities; asset","Currency","1000000","USD",Z1/Z1/FA694022005.Q,FA694022005.Q,768428,361208,1005640,1121372,1319384
"Other financial intermediaries except insurance companies and pension funds; debt securities; asset","Currency","1000000","USD",Z1/Z1/FA804022005.Q,FA804022005.Q,695339,833626,-293786,187652,476579
"Other financial intermediaries except insurance companies, pension funds, financial auxiliaries and captive financial institutions and money lenders; debt securities; asset","Currency","1000000","USD",Z1/Z1/FA604022005.Q,FA604022005.Q,515344,537360,-141808,201084,508528
"Captive financial institutions and money lenders; debt securities; asset","Currency","1000000","USD",Z1/Z1/FA774022005.Q,FA774022005.Q,179995,296266,-151978,-13432,-31949
"Insurance companies and pension funds; debt securities; asset","Currency","1000000","USD",Z1/Z1/FA584022005.Q,FA584022005.Q,362300,403956,938987,437601,832936
"Insurance companies; debt securities; asset","Currency","1000000","USD",Z1/Z1/FA524022005.Q,FA524022005.Q,244108,201028,668267,215085,634700
"Pension funds; debt securities; asset","Currency","1000000","USD",Z1/Z1/FA594022005.Q,FA594022005.Q,118192,202928,270720,222516,198236
"General government; debt securities; asset","Currency","1000000","USD",Z1/Z1/FA364022005.Q,FA364022005.Q,19342,286996,122004,-81874,123584
"Federal government; debt securities; asset","Currency","1000000","USD",Z1/Z1/FA314022005.Q,FA314022005.Q,6,236,212,178,320
"State and local governments; debt securities; asset","Currency","1000000","USD",Z1/Z1/FA214022005.Q,FA214022005.Q,19336,286760,121792,-82052,123264
"Households and nonprofit organizations; long-term debt securities; asset","Currency","1000000","USD",Z1/Z1/FA154022605.Q,FA154022605.Q,196000,62317,-156674,-784899,-814473
"Rest of the world; debt securities, excluding negotiable certificates of deposit; asset","Currency","1000000","USD",Z1/Z1/FA264022005.Q,FA264022005.Q,1490728,686444,1119288,481443,1132671
"All domestic sectors; short-term debt securities; asset","Currency","1000000","USD",Z1/Z1/FA884022405.Q,FA884022405.Q,-560270,-568108,1925070,911559,-244832
"Nonfinancial corporate business; commercial paper; asset","Currency","1000000","USD",Z1/Z1/FA103069100.Q,FA103069100.Q,33128,-40400,25420,49841,71269
"Domestic financial sectors; short-term debt securities; asset","Currency","1000000","USD",Z1/Z1/FA794022405.Q,FA794022405.Q,-686310,-583544,1929858,851730,-372929
"Central bank, private depository institutions, and money market funds; short-term debt securities; asset","Currency","1000000","USD",Z1/Z1/FA844022405.Q,FA844022405.Q,-855241,-758214,1908469,971212,-478816
"Central bank; short-term debt securities; asset","Currency","1000000","USD",Z1/Z1/FA714022405.Q,FA714022405.Q,1244,128,764,150564,645380
"Private depository institutions and money market funds; short-term debt securities; asset","Currency","1000000","USD",Z1/Z1/FA784022405.Q,FA784022405.Q,-856485,-758342,1907705,820648,-1124196
"Private depository institutions; open market paper; asset","Currency","1000000","USD",Z1/Z1/FA703069175.Q,FA703069175.Q,0,160,-240,-80,0
"Money market funds; short-term debt securities; asset","Currency","1000000","USD",Z1/Z1/FA634022405.Q,FA634022405.Q,-856485,-758502,1907945,820728,-1124196
"Mutual funds; short-term debt securities; asset (market value)","Currency","1000000","USD",Z1/Z1/FA654022405.Q,FA654022405.Q,5736,1796,17364,-2844,2156
"Other financial intermediaries except insurance companies and pension funds; commercial paper; asset","Currency","1000000","USD",Z1/Z1/FA803069105.Q,FA803069105.Q,153399,360962,-163038,-32868,-59785
"Other financial intermediaries except insurance companies, pension funds, financial auxiliaries and captive financial institutions and money lenders; commercial paper; asset","Currency","1000000","USD",Z1/Z1/FA603069105.Q,FA603069105.Q,1832,53032,-300,2492,23348
"Other financial business; commercial paper; asset","Currency","1000000","USD",Z1/Z1/FA503069105.Q,FA503069105.Q,151567,307930,-162738,-35360,-83133
"Insurance companies and pension funds; short-term debt securities; asset","Currency","1000000","USD",Z1/Z1/FA584022405.Q,FA584022405.Q,9796,-188088,167063,-83771,163516
"Insurance companies; short-term debt securities; asset","Currency","1000000","USD",Z1/Z1/FA524022405.Q,FA524022405.Q,14572,-188324,165963,-95043,161344
"Pension funds; commercial paper; asset","Currency","1000000","USD",Z1/Z1/FA593069105.Q,FA593069105.Q,-4776,236,1100,11272,2172
"State and local governments; commercial paper; asset","Currency","1000000","USD",Z1/Z1/FA213069103.Q,FA213069103.Q,92912,55836,-30208,9988,56828
"State and local governments; commercial paper; asset","Currency","1000000","USD",Z1/Z1/FA213069103.Q,FA213069103.Q,92912,55836,-30208,9988,56828
"Rest of the world; short-term debt securities, excluding negotiable certificates of deposit; asset","Currency","1000000","USD",Z1/Z1/FA264022405.Q,FA264022405.Q,274620,-39280,123736,164487,215007
"All domestic sectors; long-term debt securities; asset","Currency","1000000","USD",Z1/Z1/FA884022605.Q,FA884022605.Q,2186466,2355413,1958945,755674,3296879
"Nonfinancial business; long-term debt securities; asset","Currency","1000000","USD",Z1/Z1/FA144022605.Q,FA144022605.Q,22268,15476,24180,40064,-34036
"Domestic financial sectors; long-term debt securities; asset","Currency","1000000","USD",Z1/Z1/FA794022605.Q,FA794022605.Q,2041768,2046460,1939227,1592371,4078631
"Central bank, private depository institutions, and money market funds; long-term debt securities; asset","Currency","1000000","USD",Z1/Z1/FA844022605.Q,FA844022605.Q,384632,622340,309775,-273737,1555619
"Central bank; long-term debt securities; asset","Currency","1000000","USD",Z1/Z1/FA714022605.Q,FA714022605.Q,-493450,-269644,-281772,-236666,-194200
"Private depository institutions and money market funds; long-term debt securities; asset","Currency","1000000","USD",Z1/Z1/FA784022605.Q,FA784022605.Q,878082,891984,591547,-37071,1749819
"Private depository institutions; long-term debt securities; asset","Currency","1000000","USD",Z1/Z1/FA704022605.Q,FA704022605.Q,380716,348344,202021,-271973,774562
"Money market funds; long-term debt securities; asset","Currency","1000000","USD",Z1/Z1/FA634022605.Q,FA634022605.Q,497366,543640,389525,234903,975257
"Non-MMF investment funds; long-term debt securities; asset","Currency","1000000","USD",Z1/Z1/FA694022605.Q,FA694022605.Q,762692,359412,988276,1124216,1317228
"Other financial intermediaries except insurance companies and pension funds; long-term debt securities; asset","Currency","1000000","USD",Z1/Z1/FA804022605.Q,FA804022605.Q,541940,472664,-130748,220520,536364
"Other financial intermediaries except insurance companies, pension funds, financial auxiliaries and captive financial institutions and money lenders; long-term debt securities; asset","Currency","1000000","USD",Z1/Z1/FA604022605.Q,FA604022605.Q,513512,484328,-141508,198592,485180
"Captive financial institutions and money lenders; long-term debt securities; asset","Currency","1000000","USD",Z1/Z1/FA774022605.Q,FA774022605.Q,28428,-11664,10760,21928,51184
"Insurance companies and pension funds; long-term debt securities; asset","Currency","1000000","USD",Z1/Z1/FA584022605.Q,FA584022605.Q,352504,592044,771924,521372,669420
"Insurance companies; long-term debt securities; asset","Currency","1000000","USD",Z1/Z1/FA524022605.Q,FA524022605.Q,229536,389352,502304,310128,473356
"Pension funds; long-term debt securities; asset","Currency","1000000","USD",Z1/Z1/FA594022605.Q,FA594022605.Q,122968,202692,269620,211244,196064
"General government; long-term debt securities; asset","Currency","1000000","USD",Z1/Z1/FA364022605.Q,FA364022605.Q,-73570,231160,152212,-91862,66756
"Federal government; debt securities; asset","Currency","1000000","USD",Z1/Z1/FA314022005.Q,FA314022005.Q,6,236,212,178,320
"State and local governments; long-term debt securities; asset","Currency","1000000","USD",Z1/Z1/FA214022605.Q,FA214022605.Q,-73576,230924,152000,-92040,66436
"Households and nonprofit organizations; long-term debt securities; asset","Currency","1000000","USD",Z1/Z1/FA154022605.Q,FA154022605.Q,196000,62317,-156674,-784899,-814473
"Rest of the world; long-term debt securities, excluding negotiable certificates of deposit; asset","Currency","1000000","USD",Z1/Z1/FA264022605.Q,FA264022605.Q,1216108,725724,995552,316956,917664
"All domestic sectors; total loans; asset","Currency","1000000","USD",Z1/Z1/FA884035005.Q,FA884035005.Q,3961449,2389704,1424495,4411116,2608803
"Nonfinancial business; total loans; asset","Currency","1000000","USD",Z1/Z1/FA144035005.Q,FA144035005.Q,37772,-4412,104544,-10012,51580
"Domestic financial sectors; total loans; asset","Currency","1000000","USD",Z1/Z1/FA794035005.Q,FA794035005.Q,3423913,2124360,1139989,4410125,2231033
"Central bank, private depository institutions, and money market funds; total loans; asset","Currency","1000000","USD",Z1/Z1/FA844035005.Q,FA844035005.Q,1959851,1937276,-700923,2440372,1003808
"Central bank; short-term loans; asset","Currency","1000000","USD",Z1/Z1/FA714041005.Q,FA714041005.Q,1828,36804,-27476,269372,-298624
"Private depository institutions and money market funds; total loans; asset","Currency","1000000","USD",Z1/Z1/FA784035005.Q,FA784035005.Q,1958023,1900472,-673447,2171000,1302432
"Private depository institutions; total loans; asset","Currency","1000000","USD",Z1/Z1/FA704035005.Q,FA704035005.Q,850810,1286882,535695,1185729,1254656
"Money market funds; security repurchase agreements; asset","Currency","1000000","USD",Z1/Z1/FA632051000.Q,FA632051000.Q,1107213,613590,-1209143,985271,47776
"Non-MMF investment funds; total loans; asset","Currency","1000000","USD",Z1/Z1/FA694035005.Q,FA694035005.Q,33916,28200,35512,-6052,-14688
"Other financial intermediaries except insurance companies and pension funds; total loans; asset","Currency","1000000","USD",Z1/Z1/FA804035005.Q,FA804035005.Q,1325989,496700,645993,841163,989423
"Other financial intermediaries except insurance companies, pension funds, financial auxiliaries and captive financial institutions and money lenders; total loans; asset","Currency","1000000","USD",Z1/Z1/FA604035005.Q,FA604035005.Q,1342025,482988,549537,834551,1031175
"Captive financial institutions and money lenders; short-term loans; asset","Currency","1000000","USD",Z1/Z1/FA774041005.Q,FA774041005.Q,-16036,13712,96456,6612,-41752
"Insurance companies and pension funds; total loans; asset","Currency","1000000","USD",Z1/Z1/FA584035005.Q,FA584035005.Q,104157,-337816,1159407,1134643,252491
"Insurance companies; total loans; asset","Currency","1000000","USD",Z1/Z1/FA524035005.Q,FA524035005.Q,42612,102201,56491,86660,20516
"Pension funds; total loans; asset","Currency","1000000","USD",Z1/Z1/FA594035005.Q,FA594035005.Q,61545,-440017,1102916,1047983,231975
"General government; total loans; asset","Currency","1000000","USD",Z1/Z1/FA364035005.Q,FA364035005.Q,137612,178400,125724,43039,96881
"Federal government; total loans; asset","Currency","1000000","USD",Z1/Z1/FA314035005.Q,FA314035005.Q,155144,89844,98907,96463,95474
"State and local governments; total loans; asset","Currency","1000000","USD",Z1/Z1/FA214035005.Q,FA214035005.Q,-17532,88556,26817,-53424,1407
"Households and nonprofit organizations; loans; asset","Currency","1000000","USD",Z1/Z1/FA154035005.Q,FA154035005.Q,362152,91356,54239,-32036,229309
"Rest of the world; short-term loans; asset","Currency","1000000","USD",Z1/Z1/FA264041005.Q,FA264041005.Q,686868,187752,616165,-383693,738257
"All domestic sectors; short-term loans; asset","Currency","1000000","USD",Z1/Z1/FA884041005.Q,FA884041005.Q,3405069,1627757,568566,3782843,2014971
"Nonfinancial business; short-term loans; asset","Currency","1000000","USD",Z1/Z1/FA144041005.Q,FA144041005.Q,34188,-7968,99532,-7944,50172
"Domestic financial sectors; short-term loans; asset","Currency","1000000","USD",Z1/Z1/FA794041005.Q,FA794041005.Q,2889929,1379673,310927,3789980,1632269
"Central bank, private depository institutions, and money market funds; short-term loans; asset","Currency","1000000","USD",Z1/Z1/FA844041005.Q,FA844041005.Q,1851535,1690404,-925929,2221424,859788
"Central bank; short-term loans; asset","Currency","1000000","USD",Z1/Z1/FA714041005.Q,FA714041005.Q,1828,36804,-27476,269372,-298624
"Private depository institutions and money market funds; short-term loans; asset","Currency","1000000","USD",Z1/Z1/FA784041005.Q,FA784041005.Q,1849707,1653600,-898453,1952052,1158412
"Private depository institutions; short-term loans; asset","Currency","1000000","USD",Z1/Z1/FA704041005.Q,FA704041005.Q,742494,1040010,310690,966781,1110636
"Money market funds; security repurchase agreements; asset","Currency","1000000","USD",Z1/Z1/FA632051000.Q,FA632051000.Q,1107213,613590,-1209143,985271,47776
"Mutual funds; short-term loans; asset","Currency","1000000","USD",Z1/Z1/FA654041005.Q,FA654041005.Q,21208,-152,15348,-64120,-33428
"Other financial intermediaries except insurance companies and pension funds; short-term loans; asset","Currency","1000000","USD",Z1/Z1/FA804041005.Q,FA804041005.Q,946933,129542,114480,581389,570619
"Other financial intermediaries except insurance companies, pension funds, financial auxiliaries and captive financial institutions and money lenders; short-term loans; asset","Currency","1000000","USD",Z1/Z1/FA604041005.Q,FA604041005.Q,962969,115830,18024,574777,612371
"Captive financial institutions and money lenders; short-term loans; asset","Currency","1000000","USD",Z1/Z1/FA774041005.Q,FA774041005.Q,-16036,13712,96456,6612,-41752
"Insurance companies and pension funds; short-term loans; asset","Currency","1000000","USD",Z1/Z1/FA584041005.Q,FA584041005.Q,70253,-440121,1107028,1051287,235291
"Insurance companies; short-term loans; asset","Currency","1000000","USD",Z1/Z1/FA524041005.Q,FA524041005.Q,11908,4504,6128,9768,6588
"Pension funds; loans, excluding mortgages; asset","Currency","1000000","USD",Z1/Z1/FA594041005.Q,FA594041005.Q,58345,-444625,1100900,1041519,228703
"General government; short-term loans; asset","Currency","1000000","USD",Z1/Z1/FA364041005.Q,FA364041005.Q,113656,160260,95756,26835,95625
"Federal government; short-term loans; asset","Currency","1000000","USD",Z1/Z1/FA314041005.Q,FA314041005.Q,145340,86064,83551,95051,94218
"State and local governments; short-term loans; asset","Currency","1000000","USD",Z1/Z1/FA214041005.Q,FA214041005.Q,-31684,74196,12205,-68216,1407
"Households and nonprofit organizations; short-term loans; asset","Currency","1000000","USD",Z1/Z1/FA154041005.Q,FA154041005.Q,367296,95792,62351,-26028,236905
"Rest of the world; short-term loans; asset","Currency","1000000","USD",Z1/Z1/FA264041005.Q,FA264041005.Q,686868,187752,616165,-383693,738257
"All domestic sectors; long-term loans; asset","Currency","1000000","USD",Z1/Z1/FA884042005.Q,FA884042005.Q,556380,761947,855929,628273,593832
"Nonfinancial business; long-term loans; asset","Currency","1000000","USD",Z1/Z1/FA144042005.Q,FA144042005.Q,3584,3556,5012,-2068,1408
"Domestic financial sectors; total mortgages; asset","Currency","1000000","USD",Z1/Z1/FA793065005.Q,FA793065005.Q,533984,744687,829061,620145,598764
"Private depository institutions; total mortgages; asset","Currency","1000000","USD",Z1/Z1/FA703065005.Q,FA703065005.Q,108316,246872,225005,218948,144020
"Private depository institutions; total mortgages; asset","Currency","1000000","USD",Z1/Z1/FA703065005.Q,FA703065005.Q,108316,246872,225005,218948,144020
"Private depository institutions; total mortgages; asset","Currency","1000000","USD",Z1/Z1/FA703065005.Q,FA703065005.Q,108316,246872,225005,218948,144020
"Mortgage real estate investment trusts; total mortgages; asset","Currency","1000000","USD",Z1/Z1/FA643065075.Q,FA643065075.Q,12708,28352,20164,58068,18740
"Other financial intermediaries except insurance companies, pension funds, financial auxiliaries and captive financial institutions and money lenders; total mortgages; asset","Currency","1000000","USD",Z1/Z1/FA603065005.Q,FA603065005.Q,379056,367158,531513,259773,418804
"Other financial intermediaries except insurance companies, pension funds, financial auxiliaries and captive financial institutions and money lenders; total mortgages; asset","Currency","1000000","USD",Z1/Z1/FA603065005.Q,FA603065005.Q,379056,367158,531513,259773,418804
"Insurance companies and pension funds; long-term loans; asset","Currency","1000000","USD",Z1/Z1/FA584042005.Q,FA584042005.Q,33904,102305,52379,83356,17200
"Insurance companies; total mortgages; asset","Currency","1000000","USD",Z1/Z1/FA523065005.Q,FA523065005.Q,30704,97697,50363,76892,13928
"Pension funds; total mortgages; asset","Currency","1000000","USD",Z1/Z1/FA593065005.Q,FA593065005.Q,3200,4608,2016,6464,3272
"General government; total mortgages; asset","Currency","1000000","USD",Z1/Z1/FA363065005.Q,FA363065005.Q,23956,18140,29968,16204,1256
"Federal government; total mortgages; asset","Currency","1000000","USD",Z1/Z1/FA313065005.Q,FA313065005.Q,9804,3780,15356,1412,1256
"State and local governments; total mortgages; asset","Currency","1000000","USD",Z1/Z1/FA213065005.Q,FA213065005.Q,14152,14360,14612,14792,0
"Households and nonprofit organizations; total mortgages; asset","Currency","1000000","USD",Z1/Z1/FA153065005.Q,FA153065005.Q,-5144,-4436,-8112,-6008,-7596
"All domestic sectors; equity and investment fund shares; asset (IMA)","Currency","1000000","USD",Z1/Z1/FA883081005.Q,FA883081005.Q,1807952,-130388,272415,2382891,2509695
"Nonfinancial business; shares other than equity; asset (IMA)","Currency","1000000","USD",Z1/Z1/FA143081005.Q,FA143081005.Q,425388,-89384,280044,642781,167167
"Domestic financial sectors; equity and investment fund shares; asset (IMA)","Currency","1000000","USD",Z1/Z1/FA793081005.Q,FA793081005.Q,-97296,-311476,-1984735,-59963,258461
"Central bank, private depository institutions, and money market funds; equity and investment fund shares; asset (IMA)","Currency","1000000","USD",Z1/Z1/FA843081005.Q,FA843081005.Q,12708,38344,-10031,35441,15763
"Central bank; corporate equities; asset","Currency","1000000","USD",Z1/Z1/FA713064103.Q,FA713064103.Q,0,0,0,0,0
"Private depository institutions; equity and investment fund shares; asset (IMA)","Currency","1000000","USD",Z1/Z1/FA703081005.Q,FA703081005.Q,12708,38344,-10031,35441,15763
"Private depository institutions; equity and investment fund shares; asset (IMA)","Currency","1000000","USD",Z1/Z1/FA703081005.Q,FA703081005.Q,12708,38344,-10031,35441,15763
"Non-MMF investment funds; equity and investment fund shares; asset","Currency","1000000","USD",Z1/Z1/FA693081005.Q,FA693081005.Q,32804,138080,-1177941,666799,256712
"Other financial intermediaries except insurance companies and pension funds; equity and investment fund shares; asset (IMA)","Currency","1000000","USD",Z1/Z1/FA803081005.Q,FA803081005.Q,505712,53948,56499,14777,399997
"Other financial intermediaries except insurance companies, pension funds, financial auxiliaries and captive financial institutions and money lenders; equity and investment fund shares excluding mutual fund shares and money market fund shares; asset (IMA)","Currency","1000000","USD",Z1/Z1/FA603081105.Q,FA603081105.Q,54048,92532,-110388,-119512,211484
"Captive financial institutions and money lenders; equity and investment fund shares; asset (IMA)","Currency","1000000","USD",Z1/Z1/FA773081005.Q,FA773081005.Q,451664,-38584,166887,134289,188513
"Insurance companies and pension funds; equity and investment fund shares; asset (IMA)","Currency","1000000","USD",Z1/Z1/FA583081005.Q,FA583081005.Q,-648520,-541848,-853261,-776980,-414011
"Insurance companies; equity and investment fund shares; asset (IMA)","Currency","1000000","USD",Z1/Z1/FA523081005.Q,FA523081005.Q,-238312,-197380,-398077,-253088,-126507
"Pension funds; equity and investment fund shares; asset (IMA)","Currency","1000000","USD",Z1/Z1/FA593081005.Q,FA593081005.Q,-410208,-344468,-455184,-523892,-287504
"General government; equity and investment fund shares; asset (IMA)","Currency","1000000","USD",Z1/Z1/FA363081005.Q,FA363081005.Q,38768,-65124,5644,-22048,66737
"Federal government; equity and investment fund shares excluding mutual fund shares and money market fund shares; asset (IMA)","Currency","1000000","USD",Z1/Z1/FA313081105.Q,FA313081105.Q,352,188,40708,-5004,34541
"State and local governments; equity and investment fund shares; asset (IMA)","Currency","1000000","USD",Z1/Z1/FA213081005.Q,FA213081005.Q,38416,-65312,-35064,-17044,32196
"Households and nonprofit organizations; equity and investment fund shares; asset (IMA)","Currency","1000000","USD",Z1/Z1/FA153081005.Q,FA153081005.Q,1441092,335596,1971462,1822120,2017329
"Rest of the world; equity and investment fund shares; asset (IMA)","Currency","1000000","USD",Z1/Z1/FA263081005.Q,FA263081005.Q,286144,1396032,1161024,1299760,565359
"All domestic sectors; corporate equities; asset (IMA)","Currency","1000000","USD",Z1/Z1/FA883081105.Q,FA883081105.Q,1483256,-195408,997583,1778518,2275278
"Nonfinancial business; equity and investment fund shares excluding mutual fund shares and money market fund shares; asset (IMA)","Currency","1000000","USD",Z1/Z1/FA143081105.Q,FA143081105.Q,316836,-127716,145159,440239,118750
"Domestic financial sectors; equity and investment fund shares excluding mutual fund shares and money market fund shares; asset (IMA)","Currency","1000000","USD",Z1/Z1/FA793081105.Q,FA793081105.Q,42588,-86824,-715583,245455,569723
"Central bank, private depository institutions, and money market funds; equity and investment fund shares excluding mutual fund shares and money market fund shares; asset (IMA)","Currency","1000000","USD",Z1/Z1/FA843081105.Q,FA843081105.Q,5164,35492,-12275,41961,15383
"Central bank; corporate equities; asset","Currency","1000000","USD",Z1/Z1/FA713064103.Q,FA713064103.Q,0,0,0,0,0
"Private depository institutions; equity and investment fund shares excluding mutual fund shares and money market fund shares; asset (IMA)","Currency","1000000","USD",Z1/Z1/FA703081105.Q,FA703081105.Q,5164,35492,-12275,41961,15383
"Private depository institutions; equity and investment fund shares excluding mutual fund shares and money market fund shares; asset (IMA)","Currency","1000000","USD",Z1/Z1/FA703081105.Q,FA703081105.Q,5164,35492,-12275,41961,15383
"Non-MMF investment funds; equity and investment fund shares excluding mutual fund shares and money market fund shares; asset","Currency","1000000","USD",Z1/Z1/FA693081105.Q,FA693081105.Q,-66512,99032,-1212461,716395,267120
"Other financial intermediaries except insurance companies and pension funds; equity and investment fund shares excluding mutual fund shares and money market fund shares; asset (IMA)","Currency","1000000","USD",Z1/Z1/FA803081105.Q,FA803081105.Q,361528,140624,-40216,-147488,301032
"Other financial intermediaries except insurance companies, pension funds, financial auxiliaries and captive financial institutions and money lenders; equity and investment fund shares excluding mutual fund shares and money market fund shares; asset (IMA)","Currency","1000000","USD",Z1/Z1/FA603081105.Q,FA603081105.Q,54048,92532,-110388,-119512,211484
"Captive financial institutions and money lenders; equity and investment fund shares excluding mutual fund shares and money market fund shares; asset (IMA)","Currency","1000000","USD",Z1/Z1/FA773081105.Q,FA773081105.Q,307480,48092,70172,-27976,89548
"Insurance companies and pension funds; equity and investment fund shares excluding mutual fund shares and money market fund shares; asset (IMA)","Currency","1000000","USD",Z1/Z1/FA583081105.Q,FA583081105.Q,-257592,-361972,549369,-365413,-13812
"Insurance companies; equity and investment fund shares excluding mutual fund shares and money market fund shares; asset (IMA)","Currency","1000000","USD",Z1/Z1/FA523081105.Q,FA523081105.Q,-48176,-180272,-259163,-138129,92836
"Pension funds; corporate equities; asset","Currency","1000000","USD",Z1/Z1/FA593064105.Q,FA593064105.Q,-209416,-181700,808532,-227284,-106648
"General government; equity and investment fund shares excluding mutual fund shares and money market fund shares; asset (IMA)","Currency","1000000","USD",Z1/Z1/FA363081105.Q,FA363081105.Q,35436,-43576,10492,-22496,59349
"Federal government; equity and investment fund shares excluding mutual fund shares and money market fund shares; asset (IMA)","Currency","1000000","USD",Z1/Z1/FA313081105.Q,FA313081105.Q,352,188,40708,-5004,34541
"State and local governments; corporate equities; asset","Currency","1000000","USD",Z1/Z1/FA213064103.Q,FA213064103.Q,35084,-43764,-30216,-17492,24808
"Households and nonprofit organizations; equity and investment fund shares excluding mutual fund shares and money market fund shares; asset (IMA)","Currency","1000000","USD",Z1/Z1/FA153081105.Q,FA153081105.Q,1088396,62708,1557515,1115320,1527456
"Rest of the world; equity and investment fund shares excluding mutual fund shares and money market fund shares; asset (IMA)","Currency","1000000","USD",Z1/Z1/FA263081105.Q,FA263081105.Q,163772,1620304,984272,1006304,380271
"All domestic sectors; corporate equities listed shares; asset","Currency","1000000","USD",Z1/Z1/FA883064105.Q,FA883064105.Q,673504,-445060,510583,1055183,1700489
"Nonfinancial corporate business; corporate equities; asset","Currency","1000000","USD",Z1/Z1/FA103064103.Q,FA103064103.Q,-174996,-193488,-208568,-213464,-197628
"Domestic financial sectors; corporate equities; asset","Currency","1000000","USD",Z1/Z1/FA793064105.Q,FA793064105.Q,-125332,-183468,-767392,223541,442640
"Central bank, private depository institutions, and money market funds; corporate equities; asset","Currency","1000000","USD",Z1/Z1/FA843064105.Q,FA843064105.Q,468,-2240,5456,15984,-4892
"Central bank; corporate equities; asset","Currency","1000000","USD",Z1/Z1/FA713064103.Q,FA713064103.Q,0,0,0,0,0
"Private depository institutions; corporate equities; asset","Currency","1000000","USD",Z1/Z1/FA703064105.Q,FA703064105.Q,468,-2240,5456,15984,-4892
"Private depository institutions; corporate equities; asset","Currency","1000000","USD",Z1/Z1/FA703064105.Q,FA703064105.Q,468,-2240,5456,15984,-4892
"Non-MMF investment funds; corporate equities; asset","Currency","1000000","USD",Z1/Z1/FA693064105.Q,FA693064105.Q,-66512,99032,-1212461,716395,267120
"Other financial intermediaries except insurance companies and pension funds; corporate equities; asset","Currency","1000000","USD",Z1/Z1/FA803064105.Q,FA803064105.Q,51512,69704,-108176,-127864,205060
"Security brokers and dealers; corporate equities (net); asset","Currency","1000000","USD",Z1/Z1/FA663064105.Q,FA663064105.Q,51512,69704,-108176,-127864,205060
"Other financial business; corporate equities; asset","Currency","1000000","USD",Z1/Z1/FA503064105.Q,FA503064105.Q,0,0,0,0,0
"Insurance companies and pension funds; corporate equities; asset","Currency","1000000","USD",Z1/Z1/FA583064105.Q,FA583064105.Q,-110800,-349964,547789,-380973,-24648
"Insurance companies; corporate equities; asset","Currency","1000000","USD",Z1/Z1/FA523064105.Q,FA523064105.Q,98616,-168264,-260743,-153689,82000
"Pension funds; corporate equities; asset","Currency","1000000","USD",Z1/Z1/FA593064105.Q,FA593064105.Q,-209416,-181700,808532,-227284,-106648
"General government; corporate equities; asset","Currency","1000000","USD",Z1/Z1/FA363064105.Q,FA363064105.Q,35084,-43764,6984,-14980,53037
"Federal government; corporate equities; asset","Currency","1000000","USD",Z1/Z1/FA313064105.Q,FA313064105.Q,0,0,37200,2512,28229
"State and local governments; corporate equities; asset","Currency","1000000","USD",Z1/Z1/FA213064103.Q,FA213064103.Q,35084,-43764,-30216,-17492,24808
"Households and nonprofit organizations; corporate equities; asset","Currency","1000000","USD",Z1/Z1/FA153064105.Q,FA153064105.Q,938748,-24340,1479559,1060085,1402441
"Rest of the world; U.S. corporate equities; asset","Currency","1000000","USD",Z1/Z1/FA263064105.Q,FA263064105.Q,-26140,1274956,613080,712748,118976
"All domestic sectors; other equity; asset (IMA)","Currency","1000000","USD",Z1/Z1/FA883081115.Q,FA883081115.Q,809752,249652,487001,723335,574788
"Nonfinancial business; other equity; asset (IMA)","Currency","1000000","USD",Z1/Z1/FA143081115.Q,FA143081115.Q,491832,65772,353727,653703,316378
"Domestic financial sectors; other equity; asset (IMA)","Currency","1000000","USD",Z1/Z1/FA793081115.Q,FA793081115.Q,167920,96644,51809,21913,127083
"Private depository institutions; other equity; asset (IMA)","Currency","1000000","USD",Z1/Z1/FA703081115.Q,FA703081115.Q,4696,37732,-17731,25977,20275
"Private depository institutions; other equity; asset (IMA)","Currency","1000000","USD",Z1/Z1/FA703081115.Q,FA703081115.Q,4696,37732,-17731,25977,20275
"Private depository institutions; other equity; asset (IMA)","Currency","1000000","USD",Z1/Z1/FA703081115.Q,FA703081115.Q,4696,37732,-17731,25977,20275
"Mortgage real estate investment trusts; equity in FHLB; asset","Currency","1000000","USD",Z1/Z1/FA643092473.Q,FA643092473.Q,0,0,0,0,0
"Other financial intermediaries except insurance companies and pension funds; other equity; asset (IMA)","Currency","1000000","USD",Z1/Z1/FA803081115.Q,FA803081115.Q,310016,70920,67960,-19624,95972
"Other financial intermediaries except insurance companies, pension funds, financial auxiliaries and captive financial institutions and money lenders; other equity; asset (IMA)","Currency","1000000","USD",Z1/Z1/FA603081115.Q,FA603081115.Q,2536,22828,-2212,8352,6424
"Captive financial institutions and money lenders; other equity; asset (IMA)","Currency","1000000","USD",Z1/Z1/FA773081115.Q,FA773081115.Q,307480,48092,70172,-27976,89548
"Insurance companies; other equity; asset (IMA)","Currency","1000000","USD",Z1/Z1/FA523081115.Q,FA523081115.Q,-146792,-12008,1580,15560,10836
"Insurance companies; other equity; asset (IMA)","Currency","1000000","USD",Z1/Z1/FA523081115.Q,FA523081115.Q,-146792,-12008,1580,15560,10836
"Federal government; other equity; asset (IMA)","Currency","1000000","USD",Z1/Z1/FA313081115.Q,FA313081115.Q,352,188,3508,-7516,6313
"Federal government; other equity; asset (IMA)","Currency","1000000","USD",Z1/Z1/FA313081115.Q,FA313081115.Q,352,188,3508,-7516,6313
"Households and nonprofit organizations; other equity; asset (IMA)","Currency","1000000","USD",Z1/Z1/FA153081115.Q,FA153081115.Q,149648,87048,77957,55235,125015
"Rest of the world; foreign direct investment in U.S.: equity; asset (market value)","Currency","1000000","USD",Z1/Z1/FA263092101.Q,FA263092101.Q,189912,345348,371192,293556,261295
"All domestic sectors; mutual fund and money market fund shares; asset","Currency","1000000","USD",Z1/Z1/FA883081205.Q,FA883081205.Q,324696,65020,-725168,604373,234417
"Nonfinancial business; mutual fund and money market fund shares; asset","Currency","1000000","USD",Z1/Z1/FA143081205.Q,FA143081205.Q,108552,38332,134885,202543,48417
"Domestic financial sectors; mutual fund and money market fund shares; asset","Currency","1000000","USD",Z1/Z1/FA793081205.Q,FA793081205.Q,-139884,-224652,-1269152,-305417,-311261
"Private depository institutions; mutual fund shares; asset","Currency","1000000","USD",Z1/Z1/FA703064205.Q,FA703064205.Q,7544,2852,2244,-6520,380
"Private depository institutions; mutual fund shares; asset","Currency","1000000","USD",Z1/Z1/FA703064205.Q,FA703064205.Q,7544,2852,2244,-6520,380
"Private depository institutions; mutual fund shares; asset","Currency","1000000","USD",Z1/Z1/FA703064205.Q,FA703064205.Q,7544,2852,2244,-6520,380
"Mutual funds and exchange-traded funds; money market fund shares; asset","Currency","1000000","USD",Z1/Z1/FA483034005.Q,FA483034005.Q,99316,39048,34520,-49596,-10408
"Other financial business; money market fund shares; asset","Currency","1000000","USD",Z1/Z1/FA503034005.Q,FA503034005.Q,144184,-86676,96715,162265,98965
"Other financial business; money market fund shares; asset","Currency","1000000","USD",Z1/Z1/FA503034005.Q,FA503034005.Q,144184,-86676,96715,162265,98965
"Insurance companies and pension funds; mutual fund and money market fund shares; asset","Currency","1000000","USD",Z1/Z1/FA583081205.Q,FA583081205.Q,-390928,-179876,-1402631,-411567,-400199
"Insurance companies; mutual fund and money market fund shares; asset","Currency","1000000","USD",Z1/Z1/FA523081205.Q,FA523081205.Q,-190136,-17108,-138915,-114959,-219343
"Pension funds; mutual fund and money market fund shares; asset","Currency","1000000","USD",Z1/Z1/FA593081205.Q,FA593081205.Q,-200792,-162768,-1263716,-296608,-180856
"State and local governments; mutual fund and money market fund shares; asset","Currency","1000000","USD",Z1/Z1/FA213081205.Q,FA213081205.Q,3332,-21548,-4848,448,7388
"State and local governments; mutual fund and money market fund shares; asset","Currency","1000000","USD",Z1/Z1/FA213081205.Q,FA213081205.Q,3332,-21548,-4848,448,7388
"Households and nonprofit organizations; mutual fund and money market fund shares; asset","Currency","1000000","USD",Z1/Z1/FA153081205.Q,FA153081205.Q,352696,272888,413947,706800,489873
"Rest of the world; investment fund shares; asset","Currency","1000000","USD",Z1/Z1/FA263081205.Q,FA263081205.Q,122372,-224272,176752,293456,185088
"All domestic sectors; money market fund shares; asset","Currency","1000000","USD",Z1/Z1/FA883034005.Q,FA883034005.Q,912080,444652,948575,1375453,696087
"Nonfinancial business; money market fund shares; asset","Currency","1000000","USD",Z1/Z1/FA143034005.Q,FA143034005.Q,132932,62712,159265,226923,72797
"Domestic financial sectors; money market fund shares; asset","Currency","1000000","USD",Z1/Z1/FA793034005.Q,FA793034005.Q,232608,130804,154323,98161,53697
"Mutual funds and exchange-traded funds; money market fund shares; asset","Currency","1000000","USD",Z1/Z1/FA483034005.Q,FA483034005.Q,99316,39048,34520,-49596,-10408
"Other financial business; money market fund shares; asset","Currency","1000000","USD",Z1/Z1/FA503034005.Q,FA503034005.Q,144184,-86676,96715,162265,98965
"Other financial business; money market fund shares; asset","Currency","1000000","USD",Z1/Z1/FA503034005.Q,FA503034005.Q,144184,-86676,96715,162265,98965
"Insurance companies and pension funds; money market fund shares; asset","Currency","1000000","USD",Z1/Z1/FA583034005.Q,FA583034005.Q,-10892,178432,23088,-14508,-34860
"Insurance companies; money market fund shares; asset","Currency","1000000","USD",Z1/Z1/FA523034005.Q,FA523034005.Q,-19572,129516,-11240,-25372,-39284
"Pension funds; money market fund shares; asset","Currency","1000000","USD",Z1/Z1/FA593034005.Q,FA593034005.Q,8680,48916,34328,10864,4424
"State and local governments; money market fund shares; asset","Currency","1000000","USD",Z1/Z1/FA213034003.Q,FA213034003.Q,-4492,-8340,2248,6584,1176
"State and local governments; money market fund shares; asset","Currency","1000000","USD",Z1/Z1/FA213034003.Q,FA213034003.Q,-4492,-8340,2248,6584,1176
"Households and nonprofit organizations; money market fund shares; asset","Currency","1000000","USD",Z1/Z1/FA153034005.Q,FA153034005.Q,551032,259476,632739,1043785,568416
"Rest of the world; U.S. money market fund shares; asset","Currency","1000000","USD",Z1/Z1/FA263034003.Q,FA263034003.Q,14492,14492,32412,46064,10996
"All domestic sectors; mutual fund shares; asset","Currency","1000000","USD",Z1/Z1/FA883064205.Q,FA883064205.Q,-587384,-379632,-1673743,-771080,-461669
"Nonfinancial corporate business; mutual fund shares; asset","Currency","1000000","USD",Z1/Z1/FA103064203.Q,FA103064203.Q,-24380,-24380,-24380,-24380,-24380
"Domestic financial sectors; mutual fund shares; asset","Currency","1000000","USD",Z1/Z1/FA793064205.Q,FA793064205.Q,-372492,-355456,-1423475,-403579,-364959
"Private depository institutions; mutual fund shares; asset","Currency","1000000","USD",Z1/Z1/FA703064205.Q,FA703064205.Q,7544,2852,2244,-6520,380
"Private depository institutions; mutual fund shares; asset","Currency","1000000","USD",Z1/Z1/FA703064205.Q,FA703064205.Q,7544,2852,2244,-6520,380
"Private depository institutions; mutual fund shares; asset","Currency","1000000","USD",Z1/Z1/FA703064205.Q,FA703064205.Q,7544,2852,2244,-6520,380
"Insurance companies and pension funds; mutual fund shares; asset","Currency","1000000","USD",Z1/Z1/FA583064205.Q,FA583064205.Q,-380036,-358308,-1425719,-397059,-365339
"Insurance companies; mutual fund shares; asset","Currency","1000000","USD",Z1/Z1/FA523064205.Q,FA523064205.Q,-170564,-146624,-127675,-89587,-180059
"Pension funds; mutual fund shares; asset","Currency","1000000","USD",Z1/Z1/FA593064205.Q,FA593064205.Q,-209472,-211684,-1298044,-307472,-185280
"State and local governments; mutual fund shares; asset","Currency","1000000","USD",Z1/Z1/FA213064203.Q,FA213064203.Q,7824,-13208,-7096,-6136,6212
"State and local governments; mutual fund shares; asset","Currency","1000000","USD",Z1/Z1/FA213064203.Q,FA213064203.Q,7824,-13208,-7096,-6136,6212
"Households and nonprofit organizations; mutual fund shares; asset","Currency","1000000","USD",Z1/Z1/FA153064205.Q,FA153064205.Q,-198336,13412,-218792,-336985,-78543
"Rest of the world; U.S. mutual fund shares; asset","Currency","1000000","USD",Z1/Z1/FA263064203.Q,FA263064203.Q,107880,-238764,144340,247392,174092
"All domestic sectors; insurance, pension and standardized guarantee schemes; asset","Currency","1000000","USD",Z1/Z1/FA883052005.Q,FA883052005.Q,825445,1348191,-124236,129805,815737
"Nonfinancial business; insurance receivables due from property-casualty insurance companies; asset","Currency","1000000","USD",Z1/Z1/FA143076005.Q,FA143076005.Q,66368,42924,42652,10464,-1424
"Domestic financial sectors; insurance, pension and standardized guarantee schemes; asset (IMA)","Currency","1000000","USD",Z1/Z1/FA793052005.Q,FA793052005.Q,525732,946945,-504068,-375692,466463
"U.S.-chartered depository institutions; life insurance reserves; asset","Currency","1000000","USD",Z1/Z1/FA763040005.Q,FA763040005.Q,5180,6788,6264,6388,6860
"U.S.-chartered depository institutions; life insurance reserves; asset","Currency","1000000","USD",Z1/Z1/FA763040005.Q,FA763040005.Q,5180,6788,6264,6388,6860
"U.S.-chartered depository institutions; life insurance reserves; asset","Currency","1000000","USD",Z1/Z1/FA763040005.Q,FA763040005.Q,5180,6788,6264,6388,6860
"Holding companies; life insurance reserves; asset","Currency","1000000","USD",Z1/Z1/FA733040005.Q,FA733040005.Q,4000,4000,4000,4000,4000
"Holding companies; life insurance reserves; asset","Currency","1000000","USD",Z1/Z1/FA733040005.Q,FA733040005.Q,4000,4000,4000,4000,4000
"Insurance companies and pension funds; insurance, pension and standardized guarantee schemes; asset (IMA)","Currency","1000000","USD",Z1/Z1/FA583052005.Q,FA583052005.Q,516552,936157,-514332,-386080,455603
"Insurance companies; insurance, pension and standardized guarantee schemes; asset (IMA)","Currency","1000000","USD",Z1/Z1/FA523052005.Q,FA523052005.Q,-4184,-17572,-27088,-8908,79240
"Pension funds; retirement entitlements; asset (IMA)","Currency","1000000","USD",Z1/Z1/FA593052025.Q,FA593052025.Q,520736,953729,-487244,-377172,376363
"Households and nonprofit organizations; insurance, pension and standardized guarantee schemes; asset (IMA)","Currency","1000000","USD",Z1/Z1/FA153052005.Q,FA153052005.Q,233345,358322,337180,495033,350699
"Rest of the world; insurance, pension and standardized guarantee schemes; asset (IMA)","Currency","1000000","USD",Z1/Z1/FA263052005.Q,FA263052005.Q,0,0,-4,0,4
"All domestic sectors; non-life insurance technical reserves; asset (IMA)","Currency","1000000","USD",Z1/Z1/FA883052105.Q,FA883052105.Q,131540,92864,74920,8720,20872
"Nonfinancial business; insurance receivables due from property-casualty insurance companies; asset","Currency","1000000","USD",Z1/Z1/FA143076005.Q,FA143076005.Q,66368,42924,42652,10464,-1424
"Insurance companies; non-life insurance technical reserves; asset (IMA)","Currency","1000000","USD",Z1/Z1/FA523052105.Q,FA523052105.Q,-180,-184,-184,-184,2492
"Insurance companies; non-life insurance technical reserves; asset (IMA)","Currency","1000000","USD",Z1/Z1/FA523052105.Q,FA523052105.Q,-180,-184,-184,-184,2492
"Insurance companies; non-life insurance technical reserves; asset (IMA)","Currency","1000000","USD",Z1/Z1/FA523052105.Q,FA523052105.Q,-180,-184,-184,-184,2492
"Households and nonprofit organizations; non-life insurance technical reserves; asset (IMA)","Currency","1000000","USD",Z1/Z1/FA153052105.Q,FA153052105.Q,65352,50124,32452,-1560,19804
"Rest of the world; assumed policy payables by U.S. reinsurers from non-U.S. insurers; liability","Currency","1000000","USD",Z1/Z1/FA263076005.Q,FA263076005.Q,0,0,0,0,-192
"All domestic sectors; life insurance and annuity entitlements; asset (IMA)","Currency","1000000","USD",Z1/Z1/FA883052205.Q,FA883052205.Q,-95304,-42376,-8416,64560,123408
"Domestic financial sectors; life insurance and annuity entitlements; asset (IMA)","Currency","1000000","USD",Z1/Z1/FA793052205.Q,FA793052205.Q,5176,-6600,-16640,1664,87608
"U.S.-chartered depository institutions; life insurance reserves; asset","Currency","1000000","USD",Z1/Z1/FA763040005.Q,FA763040005.Q,5180,6788,6264,6388,6860
"U.S.-chartered depository institutions; life insurance reserves; asset","Currency","1000000","USD",Z1/Z1/FA763040005.Q,FA763040005.Q,5180,6788,6264,6388,6860
"U.S.-chartered depository institutions; life insurance reserves; asset","Currency","1000000","USD",Z1/Z1/FA763040005.Q,FA763040005.Q,5180,6788,6264,6388,6860
"Holding companies; life insurance reserves; asset","Currency","1000000","USD",Z1/Z1/FA733040005.Q,FA733040005.Q,4000,4000,4000,4000,4000
"Holding companies; life insurance reserves; asset","Currency","1000000","USD",Z1/Z1/FA733040005.Q,FA733040005.Q,4000,4000,4000,4000,4000
"Life insurance companies; life insurance reserves and annuity entitlements; asset (IMA)","Currency","1000000","USD",Z1/Z1/FA543052205.Q,FA543052205.Q,-4004,-17388,-26904,-8724,76748
"Life insurance companies; life insurance reserves and annuity entitlements; asset (IMA)","Currency","1000000","USD",Z1/Z1/FA543052205.Q,FA543052205.Q,-4004,-17388,-26904,-8724,76748
"Households and nonprofit organizations; life insurance and annuity entitlements; asset (IMA)","Currency","1000000","USD",Z1/Z1/FA153052205.Q,FA153052205.Q,-100480,-35776,8224,62896,35800
"Rest of the world; life insurance reserves and annuity entitlements; asset (IMA)","Currency","1000000","USD",Z1/Z1/FA263052205.Q,FA263052205.Q,0,0,-4,0,196
"All domestic sectors; retirement entitlements; asset (IMA)","Currency","1000000","USD",Z1/Z1/FA883052025.Q,FA883052025.Q,789209,1297703,-190740,56525,671457
"Pension funds; retirement entitlements; asset (IMA)","Currency","1000000","USD",Z1/Z1/FA593052025.Q,FA593052025.Q,520736,953729,-487244,-377172,376363
"Pension funds; retirement entitlements; asset (IMA)","Currency","1000000","USD",Z1/Z1/FA593052025.Q,FA593052025.Q,520736,953729,-487244,-377172,376363
"Pension funds; retirement entitlements; asset (IMA)","Currency","1000000","USD",Z1/Z1/FA593052025.Q,FA593052025.Q,520736,953729,-487244,-377172,376363
"Households and nonprofit organizations; retirement entitlements; asset (IMA)","Currency","1000000","USD",Z1/Z1/FA153052025.Q,FA153052025.Q,268473,343974,296504,433697,295095
"All domestic sectors; pension entitlements; liability","Currency","1000000","USD",Z1/Z1/FA883152305.Q,FA883152305.Q,258544,334194,277937,358231,281105
"Pension funds; pension entitlements; asset (IMA)","Currency","1000000","USD",Z1/Z1/FA593052305.Q,FA593052305.Q,7848,6624,5628,7040,2080
"Pension funds; pension entitlements; asset (IMA)","Currency","1000000","USD",Z1/Z1/FA593052305.Q,FA593052305.Q,7848,6624,5628,7040,2080
"Pension funds; pension entitlements; asset (IMA)","Currency","1000000","USD",Z1/Z1/FA593052305.Q,FA593052305.Q,7848,6624,5628,7040,2080
"Pension funds; total liabilities","Currency","1000000","USD",Z1/Z1/FA594190005.Q,FA594190005.Q,250696,327570,272309,351191,279025
"Pension funds; claims of pension fund on sponsor; asset","Currency","1000000","USD",Z1/Z1/FA593073005.Q,FA593073005.Q,512888,947105,-492872,-384212,374283
"Pension funds; claims of pension fund on sponsor; asset","Currency","1000000","USD",Z1/Z1/FA593073005.Q,FA593073005.Q,512888,947105,-492872,-384212,374283
"Pension funds; claims of pension fund on sponsor; asset","Currency","1000000","USD",Z1/Z1/FA593073005.Q,FA593073005.Q,512888,947105,-492872,-384212,374283
"Pension funds; claims of pension fund on sponsor; asset","Currency","1000000","USD",Z1/Z1/FA593073005.Q,FA593073005.Q,512888,947105,-492872,-384212,374283
"Federal government; retiree health care funds; liability","Currency","1000000","USD",Z1/Z1/FA313195105.Q,FA313195105.Q,17777,16404,24195,82507,16069
"Federal government; retiree health care funds; liability","Currency","1000000","USD",Z1/Z1/FA313195105.Q,FA313195105.Q,17777,16404,24195,82507,16069
"All domestic sectors; other accounts receivable; asset (IMA)","Currency","1000000","USD",Z1/Z1/FA883096005.Q,FA883096005.Q,2496402,3242153,1861435,984041,6529004
"Nonfinancial business; other accounts receivable; assets (IMA)","Currency","1000000","USD",Z1/Z1/FA143096005.Q,FA143096005.Q,752312,1685449,535303,1793000,4370861
"Domestic financial sectors; other accounts receivable; asset (IMA)","Currency","1000000","USD",Z1/Z1/FA793096005.Q,FA793096005.Q,1592198,1739067,1085149,-1280308,1879136
"Central bank, private depository institutions, and money market funds; miscellaneous assets and SDR certificates (IMA)","Currency","1000000","USD",Z1/Z1/FA843096105.Q,FA843096105.Q,442951,472052,-42189,-1085365,1311124
"Central bank; total miscellaneous assets","Currency","1000000","USD",Z1/Z1/FA713090005.Q,FA713090005.Q,-2054,2984,118,2440,-330
"Private depository institutions and money market funds; miscellaneous and taxes receivable; asset (IMA)","Currency","1000000","USD",Z1/Z1/FA783096105.Q,FA783096105.Q,445005,469068,-42307,-1087805,1311454
"Private depository institutions; miscellaneous and taxes receivable; asset (IMA)","Currency","1000000","USD",Z1/Z1/FA703096105.Q,FA703096105.Q,509039,245395,-68511,-478515,677022
"Money market funds; unidentified miscellaneous assets (net)","Currency","1000000","USD",Z1/Z1/FA633093005.Q,FA633093005.Q,-64034,223673,26204,-609291,634432
"Non-MMF investment funds; unidentified miscellaneous assets","Currency","1000000","USD",Z1/Z1/FA693093005.Q,FA693093005.Q,30324,10732,177449,-65163,106592
"Other financial intermediaries except insurance companies and pension funds; other accounts receivable; asset (IMA)","Currency","1000000","USD",Z1/Z1/FA803096005.Q,FA803096005.Q,921579,931408,808089,-55084,906427
"Other financial intermediaries except insurance companies, pension funds, financial auxiliaries and captive financial institutions and money lenders; other accounts receivable; asset (IMA)","Currency","1000000","USD",Z1/Z1/FA603096005.Q,FA603096005.Q,650603,860084,679577,-52440,602863
"Captive financial institutions and money lenders; other accounts receivable; asset (IMA)","Currency","1000000","USD",Z1/Z1/FA773096105.Q,FA773096105.Q,270976,71324,128512,-2644,303564
"Insurance companies and pension funds; other accounts receivable; asset (IMA)","Currency","1000000","USD",Z1/Z1/FA583096005.Q,FA583096005.Q,197344,324875,141799,-74696,-445006
"Insurance companies; other accounts receivable; asset (IMA)","Currency","1000000","USD",Z1/Z1/FA523096005.Q,FA523096005.Q,200292,333347,329283,-16568,-206878
"Pension funds; unidentified miscellaneous assets","Currency","1000000","USD",Z1/Z1/FA593093005.Q,FA593093005.Q,-2948,-8472,-187484,-58128,-238128
"General government; other accounts receivable; asset (IMA)","Currency","1000000","USD",Z1/Z1/FA363096005.Q,FA363096005.Q,115780,-218475,204872,435238,242626
"Federal government; other accounts receivable; asset (IMA)","Currency","1000000","USD",Z1/Z1/FA313096005.Q,FA313096005.Q,65900,-275316,135623,399075,180348
"State and local governments; other accounts receivable; asset (IMA)","Currency","1000000","USD",Z1/Z1/FA213096005.Q,FA213096005.Q,49880,56841,69249,36163,62278
"Nonprofit organizations; other accounts receivable; asset","Currency","1000000","USD",Z1/Z1/FA163096005.Q,FA163096005.Q,36112,36112,36112,36112,36380
"Rest of the world; other accounts receivable; asset (IMA)","Currency","1000000","USD",Z1/Z1/FA263096005.Q,FA263096005.Q,-7188,84356,45108,-41540,65689
"All domestic sectors; trade credits and advances; asset (IMA)","Currency","1000000","USD",Z1/Z1/FA883096205.Q,FA883096205.Q,761564,724784,392377,471952,1100743
"Nonfinancial business; trade receivables; asset","Currency","1000000","USD",Z1/Z1/FA143070005.Q,FA143070005.Q,643744,618292,344783,400681,989207
"Domestic financial sectors; trade credits and advances; asset (IMA)","Currency","1000000","USD",Z1/Z1/FA793096205.Q,FA793096205.Q,47332,19132,-3892,-6416,44936
"Other financial intermediaries except insurance companies and pension funds; trade credits and advances; asset","Currency","1000000","USD",Z1/Z1/FA803096205.Q,FA803096205.Q,5292,12572,816,14204,4596
"Other financial intermediaries except insurance companies, pension funds, financial auxiliaries and captive financial institutions and money lenders; trade credits and advances; asset","Currency","1000000","USD",Z1/Z1/FA603096205.Q,FA603096205.Q,5292,12572,816,14204,4596
"Insurance companies; trade receivables; asset","Currency","1000000","USD",Z1/Z1/FA523070005.Q,FA523070005.Q,42040,6560,-4708,-20620,40340
"Insurance companies; trade receivables; asset","Currency","1000000","USD",Z1/Z1/FA523070005.Q,FA523070005.Q,42040,6560,-4708,-20620,40340
"General government; trade receivables; asset","Currency","1000000","USD",Z1/Z1/FA363070005.Q,FA363070005.Q,34376,51248,15375,41575,30220
"Federal government; trade receivables; asset","Currency","1000000","USD",Z1/Z1/FA313070000.Q,FA313070000.Q,-3152,22212,-17777,19975,-22748
"State and local governments; trade receivables; asset","Currency","1000000","USD",Z1/Z1/FA213070003.Q,FA213070003.Q,37528,29036,33152,21600,52968
"Nonprofit organizations; grants and trade receivables; asset","Currency","1000000","USD",Z1/Z1/FA163070005.Q,FA163070005.Q,36112,36112,36112,36112,36380
"Rest of the world; trade receivables; asset","Currency","1000000","USD",Z1/Z1/FA263070005.Q,FA263070005.Q,1244,13620,18336,-26864,9064
"All domestic sectors; miscellaneous and taxes receivable; asset (IMA)","Currency","1000000","USD",Z1/Z1/FA883096105.Q,FA883096105.Q,1734838,2517369,1469058,512089,5428261
"Nonfinancial business; other accounts receivable, excluding trade credit; assets","Currency","1000000","USD",Z1/Z1/FA143096015.Q,FA143096015.Q,108568,1067157,190520,1392318,3381654
"Domestic financial sectors; miscellaneous assets and SDR certificates (IMA)","Currency","1000000","USD",Z1/Z1/FA793096105.Q,FA793096105.Q,1544866,1719935,1089041,-1273892,1834200
"Central bank, private depository institutions, and money market funds; miscellaneous assets and SDR certificates (IMA)","Currency","1000000","USD",Z1/Z1/FA843096105.Q,FA843096105.Q,442951,472052,-42189,-1085365,1311124
"Central bank; total miscellaneous assets","Currency","1000000","USD",Z1/Z1/FA713090005.Q,FA713090005.Q,-2054,2984,118,2440,-330
"Private depository institutions and money market funds; miscellaneous and taxes receivable; asset (IMA)","Currency","1000000","USD",Z1/Z1/FA783096105.Q,FA783096105.Q,445005,469068,-42307,-1087805,1311454
"Private depository institutions; miscellaneous and taxes receivable; asset (IMA)","Currency","1000000","USD",Z1/Z1/FA703096105.Q,FA703096105.Q,509039,245395,-68511,-478515,677022
"Money market funds; unidentified miscellaneous assets (net)","Currency","1000000","USD",Z1/Z1/FA633093005.Q,FA633093005.Q,-64034,223673,26204,-609291,634432
"Non-MMF investment funds; unidentified miscellaneous assets","Currency","1000000","USD",Z1/Z1/FA693093005.Q,FA693093005.Q,30324,10732,177449,-65163,106592
"Other financial intermediaries except insurance companies and pension funds; miscellaneous and taxes receivable; asset (IMA)","Currency","1000000","USD",Z1/Z1/FA803096105.Q,FA803096105.Q,916287,918836,807273,-69288,901831
"Other financial intermediaries except insurance companies, pension funds, financial auxiliaries and captive financial institutions and money lenders; miscellaneous and taxes receivable; asset (IMA)","Currency","1000000","USD",Z1/Z1/FA603096105.Q,FA603096105.Q,645311,847512,678761,-66644,598267
"Captive financial institutions and money lenders; other accounts receivable; asset (IMA)","Currency","1000000","USD",Z1/Z1/FA773096105.Q,FA773096105.Q,270976,71324,128512,-2644,303564
"Insurance companies and pension funds; miscellaneous and taxes receivable; asset (IMA)","Currency","1000000","USD",Z1/Z1/FA583096105.Q,FA583096105.Q,155304,318315,146507,-54076,-485346
"Insurance companies; miscellaneous and taxes receivable; asset (IMA)","Currency","1000000","USD",Z1/Z1/FA523096105.Q,FA523096105.Q,158252,326787,333991,4052,-247218
"Pension funds; unidentified miscellaneous assets","Currency","1000000","USD",Z1/Z1/FA593093005.Q,FA593093005.Q,-2948,-8472,-187484,-58128,-238128
"General government; miscellaneous and taxes receivable; asset (IMA)","Currency","1000000","USD",Z1/Z1/FA363096105.Q,FA363096105.Q,81404,-269723,189497,393663,212406
"Federal government; total taxes receivable; asset","Currency","1000000","USD",Z1/Z1/FA313078000.Q,FA313078000.Q,69052,-297528,153400,379100,203096
"State and local governments; miscellaneous and taxes receivable; asset (IMA)","Currency","1000000","USD",Z1/Z1/FA213096105.Q,FA213096105.Q,12352,27805,36097,14563,9310
"Nonprofit organizations; Paycheck Protection Program receivables due from federal government; asset","Currency","1000000","USD",Z1/Z1/FA163072003.Q,FA163072003.Q,0,0,0,0,0
"Rest of the world; other accounts receivable; asset (Integrated Macroeconomic Accounts)","Currency","1000000","USD",Z1/Z1/FA263096105.Q,FA263096105.Q,-8432,70736,26772,-14676,56625
"All domestic sectors; total liabilities and equity","Currency","1000000","USD",Z1/Z1/FA884194005.Q,FA884194005.Q,10516745,10044605,10551443,11668298,16357321
"Nonfinancial business; total liabilities and equity","Currency","1000000","USD",Z1/Z1/FA144194005.Q,FA144194005.Q,1253261,2389652,1957463,3352029,3961071
"Domestic financial sectors; total liabilities and equity","Currency","1000000","USD",Z1/Z1/FA794194005.Q,FA794194005.Q,7085155,5068077,3005413,5279159,8190275
"Central bank, private depository institutions, and money market funds; total liabilities and equity","Currency","1000000","USD",Z1/Z1/FA844194005.Q,FA844194005.Q,2691932,1697930,1181473,2682539,3634173
"Central bank; total liabilities and equity","Currency","1000000","USD",Z1/Z1/FA714194005.Q,FA714194005.Q,-513684,-210904,-309488,192236,139004
"Private depository institutions and money market funds; total liabilities and equity","Currency","1000000","USD",Z1/Z1/FA784194005.Q,FA784194005.Q,3205616,1908834,1490961,2490303,3495169
"Private depository institutions; total liabilities and equity","Currency","1000000","USD",Z1/Z1/FA704194005.Q,FA704194005.Q,2279044,1449690,509975,1068785,2788087
"Money market funds; total financial assets","Currency","1000000","USD",Z1/Z1/FA634090005.Q,FA634090005.Q,926572,459144,980987,1421517,707083
"Non-MMF investment funds; total liabilities and equity","Currency","1000000","USD",Z1/Z1/FA694194005.Q,FA694194005.Q,865676,536976,45428,1717108,1669292
"Other financial intermediaries except insurance companies and pension funds; total liabilities and equity","Currency","1000000","USD",Z1/Z1/FA804194005.Q,FA804194005.Q,3071231,2010605,900254,537714,2360836
"Other financial intermediaries except insurance companies, pension funds, financial auxiliaries and captive financial institutions and money lenders; total liabilities and equity","Currency","1000000","USD",Z1/Z1/FA604194005.Q,FA604194005.Q,2390782,1644030,1135856,613377,2256126
"Captive financial institutions and money lenders; total liabilities and equity","Currency","1000000","USD",Z1/Z1/FA774194005.Q,FA774194005.Q,680449,366575,-235602,-75663,104710
"Insurance companies and pension funds; total liabilities and equity","Currency","1000000","USD",Z1/Z1/FA584194005.Q,FA584194005.Q,456316,822566,878257,341799,525973
"Insurance companies; total liabilities and equity","Currency","1000000","USD",Z1/Z1/FA524194005.Q,FA524194005.Q,205620,494996,605948,-9392,246948
"Pension funds; total liabilities","Currency","1000000","USD",Z1/Z1/FA594190005.Q,FA594190005.Q,250696,327570,272309,351191,279025
"General government; total liabilities","Currency","1000000","USD",Z1/Z1/FA364190005.Q,FA364190005.Q,1730972,1734792,4718418,2370424,3625923
"Federal government; total liabilities","Currency","1000000","USD",Z1/Z1/FA314190005.Q,FA314190005.Q,1255477,1109602,4184797,2021823,3066471
"State and local governments; total liabilities","Currency","1000000","USD",Z1/Z1/FA214190005.Q,FA214190005.Q,475495,625190,533621,348602,559451
"Households and nonprofit organizations; total liabilities","Currency","1000000","USD",Z1/Z1/FA154190005.Q,FA154190005.Q,447357,852084,870149,666685,580053
"Rest of the world; total liabilities and equity","Currency","1000000","USD",Z1/Z1/FA264194005.Q,FA264194005.Q,2287564,1108652,1766859,2127888,1767493
"Federal government; special drawing rights (SDRs) allocations; liability","Currency","1000000","USD",Z1/Z1/FA313111303.Q,FA313111303.Q,0,0,0,0,0
"Federal government; special drawing rights (SDRs) allocations; liability","Currency","1000000","USD",Z1/Z1/FA313111303.Q,FA313111303.Q,0,0,0,0,0
"Federal government; special drawing rights (SDRs) allocations; liability","Currency","1000000","USD",Z1/Z1/FA313111303.Q,FA313111303.Q,0,0,0,0,0
"Federal government; special drawing rights (SDRs) holdings; asset","Currency","1000000","USD",Z1/Z1/FA313011303.Q,FA313011303.Q,1356,-5192,1148,-2208,800
"Federal government; special drawing rights (SDRs) allocations; liability","Currency","1000000","USD",Z1/Z1/FA313111303.Q,FA313111303.Q,0,0,0,0,0
"Federal government; special drawing rights (SDRs) allocations; liability","Currency","1000000","USD",Z1/Z1/FA313111303.Q,FA313111303.Q,0,0,0,0,0
"Federal government; special drawing rights (SDRs) allocations; liability","Currency","1000000","USD",Z1/Z1/FA313111303.Q,FA313111303.Q,0,0,0,0,0
"Federal government; special drawing rights (SDRs) holdings; asset","Currency","1000000","USD",Z1/Z1/FA313011303.Q,FA313011303.Q,1356,-5192,1148,-2208,800
"All domestic sectors; total currency and deposits; liability","Currency","1000000","USD",Z1/Z1/FA884100005.Q,FA884100005.Q,1551944,451876,2039475,1363497,2551397
"Domestic financial sectors; total currency and deposits; liability","Currency","1000000","USD",Z1/Z1/FA794100005.Q,FA794100005.Q,1551744,451808,2038947,1362769,2550669
"Central bank, private depository institutions, and money market funds; total currency and deposits; liability","Currency","1000000","USD",Z1/Z1/FA844100005.Q,FA844100005.Q,1550988,443572,2042683,1364353,2546813
"Central bank; total currency and deposits; liability","Currency","1000000","USD",Z1/Z1/FA714100005.Q,FA714100005.Q,-97580,-393124,1467880,-10133,620727
"Private depository institutions; total currency and deposits; liability","Currency","1000000","USD",Z1/Z1/FA704100005.Q,FA704100005.Q,1648568,836696,574803,1374487,1926087
"Private depository institutions; total currency and deposits; liability","Currency","1000000","USD",Z1/Z1/FA704100005.Q,FA704100005.Q,1648568,836696,574803,1374487,1926087
"Government-sponsored enterprises; U.S.-chartered depository institutions deposits at Federal Home Loan Banks; liability","Currency","1000000","USD",Z1/Z1/FA403197033.Q,FA403197033.Q,756,8236,-3736,-1584,3856
"Government-sponsored enterprises; U.S.-chartered depository institutions deposits at Federal Home Loan Banks; liability","Currency","1000000","USD",Z1/Z1/FA403197033.Q,FA403197033.Q,756,8236,-3736,-1584,3856
"Federal government; total currency and deposits; liability","Currency","1000000","USD",Z1/Z1/FA314100005.Q,FA314100005.Q,200,68,528,728,728
"Federal government; total currency and deposits; liability","Currency","1000000","USD",Z1/Z1/FA314100005.Q,FA314100005.Q,200,68,528,728,728
"Rest of the world; total currency and deposits; liability","Currency","1000000","USD",Z1/Z1/FA264100005.Q,FA264100005.Q,346304,156488,608520,354648,194808
"All domestic sectors; currency; liability","Currency","1000000","USD",Z1/Z1/FA883125005.Q,FA883125005.Q,59008,76436,84676,69103,77135
"Central bank; currency in circulation, excluding Treasury currency; liability","Currency","1000000","USD",Z1/Z1/FA713125015.Q,FA713125015.Q,58808,76368,84148,68375,76407
"Central bank; currency in circulation, excluding Treasury currency; liability","Currency","1000000","USD",Z1/Z1/FA713125015.Q,FA713125015.Q,58808,76368,84148,68375,76407
"Central bank; currency in circulation, excluding Treasury currency; liability","Currency","1000000","USD",Z1/Z1/FA713125015.Q,FA713125015.Q,58808,76368,84148,68375,76407
"Federal government; Treasury currency; liability","Currency","1000000","USD",Z1/Z1/FA313125003.Q,FA313125003.Q,200,68,528,728,728
"Federal government; Treasury currency; liability","Currency","1000000","USD",Z1/Z1/FA313125003.Q,FA313125003.Q,200,68,528,728,728
"Central bank, private depository institutions, and money market funds; transferable deposits; liability","Currency","1000000","USD",Z1/Z1/FA843130405.Q,FA843130405.Q,1195312,-51824,1744809,4373809,1727767
"Central bank, private depository institutions, and money market funds; transferable deposits; liability","Currency","1000000","USD",Z1/Z1/FA843130405.Q,FA843130405.Q,1195312,-51824,1744809,4373809,1727767
"Central bank, private depository institutions, and money market funds; transferable deposits; liability","Currency","1000000","USD",Z1/Z1/FA843130405.Q,FA843130405.Q,1195312,-51824,1744809,4373809,1727767
"Central bank; transferable deposits; liability","Currency","1000000","USD",Z1/Z1/FA713130405.Q,FA713130405.Q,-156388,-469492,1383732,-78508,544320
"Private depository institutions; transferable deposits; liability","Currency","1000000","USD",Z1/Z1/FA703130405.Q,FA703130405.Q,1351700,417668,361077,4452317,1183447
"Private depository institutions; transferable deposits; liability","Currency","1000000","USD",Z1/Z1/FA703130405.Q,FA703130405.Q,1351700,417668,361077,4452317,1183447
"Rest of the world; interbank transactions with banks in foreign countries; liability","Currency","1000000","USD",Z1/Z1/FA264116005.Q,FA264116005.Q,164728,-33204,295434,266258,-56222
"Domestic financial sectors; interbank transactions; liability","Currency","1000000","USD",Z1/Z1/FA794110005.Q,FA794110005.Q,1555299,-1069696,-148929,451901,637892
"Domestic financial sectors; interbank transactions; liability","Currency","1000000","USD",Z1/Z1/FA794110005.Q,FA794110005.Q,1555299,-1069696,-148929,451901,637892
"Domestic financial sectors; interbank transactions; liability","Currency","1000000","USD",Z1/Z1/FA794110005.Q,FA794110005.Q,1555299,-1069696,-148929,451901,637892
"Central bank; depository institution reserves, excluding FHLB deposits; liability","Currency","1000000","USD",Z1/Z1/FA713113003.Q,FA713113003.Q,1006752,-793644,-348544,-20252,406196
"Private depository institutions; interbank transactions; liability","Currency","1000000","USD",Z1/Z1/FA704110005.Q,FA704110005.Q,548547,-276052,199615,472153,231696
"Private depository institutions; interbank transactions; liability","Currency","1000000","USD",Z1/Z1/FA704110005.Q,FA704110005.Q,548547,-276052,199615,472153,231696
"Rest of the world; interbank transactions with banks in foreign countries; liability","Currency","1000000","USD",Z1/Z1/FA264116005.Q,FA264116005.Q,164728,-33204,295434,266258,-56222
"Central bank, private depository institutions, and money market funds; checkable deposits; liability","Currency","1000000","USD",Z1/Z1/FA843127005.Q,FA843127005.Q,-359987,1017872,1893739,3921908,1089875
"Central bank, private depository institutions, and money market funds; checkable deposits; liability","Currency","1000000","USD",Z1/Z1/FA843127005.Q,FA843127005.Q,-359987,1017872,1893739,3921908,1089875
"Central bank, private depository institutions, and money market funds; checkable deposits; liability","Currency","1000000","USD",Z1/Z1/FA843127005.Q,FA843127005.Q,-359987,1017872,1893739,3921908,1089875
"Central bank; other transferable deposits; liability","Currency","1000000","USD",Z1/Z1/FA713127005.Q,FA713127005.Q,-1163140,324152,1732276,-58256,138124
"Private depository institutions; checkable deposits; liability","Currency","1000000","USD",Z1/Z1/FA703127005.Q,FA703127005.Q,803153,693720,161463,3980164,951751
"Private depository institutions; checkable deposits; liability","Currency","1000000","USD",Z1/Z1/FA703127005.Q,FA703127005.Q,803153,693720,161463,3980164,951751
"All domestic sectors; other deposits including time and savings deposits; liability (IMA)","Currency","1000000","USD",Z1/Z1/FA883130205.Q,FA883130205.Q,297624,427264,209989,-3079415,746496
"Domestic financial sectors; other deposits including time and savings deposits; liability (IMA)","Currency","1000000","USD",Z1/Z1/FA793130205.Q,FA793130205.Q,297624,427264,209989,-3079415,746496
"Private depository institutions; total time and savings deposits; liability","Currency","1000000","USD",Z1/Z1/FA703130005.Q,FA703130005.Q,296868,419028,213725,-3077831,742640
"Private depository institutions; total time and savings deposits; liability","Currency","1000000","USD",Z1/Z1/FA703130005.Q,FA703130005.Q,296868,419028,213725,-3077831,742640
"Private depository institutions; total time and savings deposits; liability","Currency","1000000","USD",Z1/Z1/FA703130005.Q,FA703130005.Q,296868,419028,213725,-3077831,742640
"Government-sponsored enterprises; U.S.-chartered depository institutions deposits at Federal Home Loan Banks; liability","Currency","1000000","USD",Z1/Z1/FA403197033.Q,FA403197033.Q,756,8236,-3736,-1584,3856
"Government-sponsored enterprises; U.S.-chartered depository institutions deposits at Federal Home Loan Banks; liability","Currency","1000000","USD",Z1/Z1/FA403197033.Q,FA403197033.Q,756,8236,-3736,-1584,3856
"Federal government; postal savings system deposits; liability","Currency","1000000","USD",Z1/Z1/FA313131003.Q,FA313131003.Q,0,0,0,0,0
"Federal government; postal savings system deposits; liability","Currency","1000000","USD",Z1/Z1/FA313131003.Q,FA313131003.Q,0,0,0,0,0
"Rest of the world; other deposits; liability","Currency","1000000","USD",Z1/Z1/FA263130505.Q,FA263130505.Q,181576,189692,313086,88390,251029
"All domestic sectors; debt securities; liability","Currency","1000000","USD",Z1/Z1/FA884122005.Q,FA884122005.Q,2806236,2358577,4967286,1749318,3946096
"Nonfinancial corporate business; debt securities; liability","Currency","1000000","USD",Z1/Z1/FA104122005.Q,FA104122005.Q,632925,84841,272636,89029,636556
"Domestic financial sectors; debt securities; liability","Currency","1000000","USD",Z1/Z1/FA794122005.Q,FA794122005.Q,962863,1040872,497473,-119169,943875
"Private depository institutions; debt securities; liability","Currency","1000000","USD",Z1/Z1/FA704122005.Q,FA704122005.Q,61892,249808,-30136,-191976,88428
"Private depository institutions; debt securities; liability","Currency","1000000","USD",Z1/Z1/FA704122005.Q,FA704122005.Q,61892,249808,-30136,-191976,88428
"Private depository institutions; debt securities; liability","Currency","1000000","USD",Z1/Z1/FA704122005.Q,FA704122005.Q,61892,249808,-30136,-191976,88428
"Mortgage real estate investment trusts; debt securities; liability","Currency","1000000","USD",Z1/Z1/FA644122075.Q,FA644122075.Q,3804,8716,30120,63872,6748
"Other financial intermediaries except insurance companies and pension funds; debt securities; liability","Currency","1000000","USD",Z1/Z1/FA804122005.Q,FA804122005.Q,897167,782348,497489,8935,848699
"Other financial intermediaries except insurance companies, pension funds, financial auxiliaries and captive financial institutions and money lenders; debt securities; liability","Currency","1000000","USD",Z1/Z1/FA604122005.Q,FA604122005.Q,553219,675948,482249,-12960,686985
"Captive financial institutions and money lenders; debt securities; liability","Currency","1000000","USD",Z1/Z1/FA774122005.Q,FA774122005.Q,343948,106400,15240,21895,161713
"General government; debt securities; liability","Currency","1000000","USD",Z1/Z1/FA364122005.Q,FA364122005.Q,1202196,1208312,4183941,1760755,2352417
"Federal government; debt securities; liability","Currency","1000000","USD",Z1/Z1/FA314122005.Q,FA314122005.Q,1057188,923624,3992415,1753212,2126711
"State and local governments; municipal securities; liability","Currency","1000000","USD",Z1/Z1/FA213162005.Q,FA213162005.Q,145008,284688,191527,7543,225707
"Nonprofit organizations; municipal securities; liability","Currency","1000000","USD",Z1/Z1/FA163162003.Q,FA163162003.Q,8252,24552,13236,18704,13248
"Rest of the world; debt securities, excluding negotiable certificates of deposit; liability","Currency","1000000","USD",Z1/Z1/FA264122005.Q,FA264122005.Q,310688,115172,36016,399357,238622
"All domestic sectors; short-term debt securities; liability","Currency","1000000","USD",Z1/Z1/FA884122405.Q,FA884122405.Q,-83379,-523250,2284822,297510,1107752
"Nonfinancial corporate business; commercial paper; liability","Currency","1000000","USD",Z1/Z1/FA103169100.Q,FA103169100.Q,117805,162565,-105755,-91099,144600
"Domestic financial sectors; open market paper; liability","Currency","1000000","USD",Z1/Z1/FA793169175.Q,FA793169175.Q,106184,157232,137868,33744,33252
"Private depository institutions; open market paper; liability","Currency","1000000","USD",Z1/Z1/FA703169175.Q,FA703169175.Q,12760,174920,18992,-133688,32652
"Private depository institutions; open market paper; liability","Currency","1000000","USD",Z1/Z1/FA703169175.Q,FA703169175.Q,12760,174920,18992,-133688,32652
"Private depository institutions; open market paper; liability","Currency","1000000","USD",Z1/Z1/FA703169175.Q,FA703169175.Q,12760,174920,18992,-133688,32652
"Mortgage real estate investment trusts; commercial paper; liability","Currency","1000000","USD",Z1/Z1/FA643169173.Q,FA643169173.Q,0,0,0,0,0
"Other financial intermediaries except insurance companies and pension funds; commercial paper; liability","Currency","1000000","USD",Z1/Z1/FA803169105.Q,FA803169105.Q,93424,-17688,118876,167432,600
"Other financial intermediaries except insurance companies, pension funds, financial auxiliaries and captive financial institutions and money lenders; commercial paper; liability","Currency","1000000","USD",Z1/Z1/FA603169105.Q,FA603169105.Q,2368,-11600,50436,178225,28311
"Captive financial institutions and money lenders; commercial paper; liability","Currency","1000000","USD",Z1/Z1/FA773169105.Q,FA773169105.Q,91056,-6088,68440,-10793,-27711
"General government; short-term debt securities; liability","Currency","1000000","USD",Z1/Z1/FA364122405.Q,FA364122405.Q,-307368,-843047,2252709,354865,929900
"Federal government; total marketable Treasury bills; liability","Currency","1000000","USD",Z1/Z1/FA313161110.Q,FA313161110.Q,-299424,-848667,2227947,361660,929015
"State and local governments; short-term municipal securities; liability","Currency","1000000","USD",Z1/Z1/FA213162400.Q,FA213162400.Q,-7944,5620,24763,-6795,885
"Rest of the world; commercial paper; liability","Currency","1000000","USD",Z1/Z1/FA263169105.Q,FA263169105.Q,97318,-60290,-87638,126294,-183016
"All domestic sectors; long-term debt securities; liability","Currency","1000000","USD",Z1/Z1/FA884122605.Q,FA884122605.Q,2889615,2881827,2682464,1451808,2838344
"Nonfinancial corporate business; corporate bonds and municipal securities; liability","Currency","1000000","USD",Z1/Z1/FA103162305.Q,FA103162305.Q,515120,-77724,378391,180128,491956
"Domestic financial sectors; long-term debt securities; liability","Currency","1000000","USD",Z1/Z1/FA794122605.Q,FA794122605.Q,856679,883640,359605,-152913,910623
"U.S.-chartered depository institutions; corporate and foreign bonds; liability","Currency","1000000","USD",Z1/Z1/FA763163005.Q,FA763163005.Q,49132,74888,-49128,-58288,55776
"U.S.-chartered depository institutions; corporate and foreign bonds; liability","Currency","1000000","USD",Z1/Z1/FA763163005.Q,FA763163005.Q,49132,74888,-49128,-58288,55776
"U.S.-chartered depository institutions; corporate and foreign bonds; liability","Currency","1000000","USD",Z1/Z1/FA763163005.Q,FA763163005.Q,49132,74888,-49128,-58288,55776
"Mortgage real estate investment trusts; corporate and foreign bonds, excluding FHLB advances; liability","Currency","1000000","USD",Z1/Z1/FA643163075.Q,FA643163075.Q,3804,8716,30120,63872,6748
"Other financial intermediaries except insurance companies and pension funds; long-term debt securities; liability","Currency","1000000","USD",Z1/Z1/FA804122605.Q,FA804122605.Q,803743,800036,378613,-158497,848099
"Other financial intermediaries except insurance companies, pension funds, financial auxiliaries and captive financial institutions and money lenders; long-term debt securities; liability","Currency","1000000","USD",Z1/Z1/FA604122605.Q,FA604122605.Q,550851,687548,431813,-191185,658675
"Captive financial institutions and money lenders; corporate and foreign bonds; liability","Currency","1000000","USD",Z1/Z1/FA773163005.Q,FA773163005.Q,252892,112488,-53200,32688,189424
"General government; long-term debt securities; liability","Currency","1000000","USD",Z1/Z1/FA364122605.Q,FA364122605.Q,1509564,2051359,1931232,1405889,1422517
"Federal government; long-term debt securities; liability","Currency","1000000","USD",Z1/Z1/FA314122605.Q,FA314122605.Q,1356612,1772291,1764468,1391552,1197696
"State and local governments; long-term municipal securities; liability","Currency","1000000","USD",Z1/Z1/FA213162200.Q,FA213162200.Q,152952,279068,166764,14337,224821
"Nonprofit organizations; municipal securities; liability","Currency","1000000","USD",Z1/Z1/FA163162003.Q,FA163162003.Q,8252,24552,13236,18704,13248
"Rest of the world; bonds; liability","Currency","1000000","USD",Z1/Z1/FA263163005.Q,FA263163005.Q,213370,175462,123654,273063,421638
"All domestic sectors; total loans; liability","Currency","1000000","USD",Z1/Z1/FA884135005.Q,FA884135005.Q,2716133,2165040,651149,2560595,3145347
"Nonfinancial business; loans including foreign direct investment intercompany debt; liability","Currency","1000000","USD",Z1/Z1/FA144135005.Q,FA144135005.Q,454344,766743,581503,404309,920928
"Domestic financial sectors; short-term loans; liability","Currency","1000000","USD",Z1/Z1/FA794141005.Q,FA794141005.Q,1853951,1032554,-1754299,599733,1570399
"Central bank, private depository institutions, and money market funds; short-term loans; liability","Currency","1000000","USD",Z1/Z1/FA844141005.Q,FA844141005.Q,-100829,479286,-2049523,-120691,-30573
"Central bank; security repurchase agreements; liability","Currency","1000000","USD",Z1/Z1/FA712151003.Q,FA712151003.Q,-335164,220428,-1737708,147656,-435208
"Private depository institutions; short-term loans; liability","Currency","1000000","USD",Z1/Z1/FA704141005.Q,FA704141005.Q,234335,258858,-311815,-268347,404635
"Private depository institutions; short-term loans; liability","Currency","1000000","USD",Z1/Z1/FA704141005.Q,FA704141005.Q,234335,258858,-311815,-268347,404635
"Mortgage real estate investment trusts; short-term loans; liability","Currency","1000000","USD",Z1/Z1/FA644141005.Q,FA644141005.Q,46480,50644,89960,113764,57200
"Other financial intermediaries except insurance companies and pension funds; short-term loans; liability","Currency","1000000","USD",Z1/Z1/FA804141005.Q,FA804141005.Q,1881092,484808,201300,611792,1436132
"Other financial intermediaries except insurance companies, pension funds, financial auxiliaries and captive financial institutions and money lenders; short-term loans; liability","Currency","1000000","USD",Z1/Z1/FA604141005.Q,FA604141005.Q,1798060,350884,196920,554992,1384520
"Captive financial institutions and money lenders; short-term loans; liability","Currency","1000000","USD",Z1/Z1/FA774141005.Q,FA774141005.Q,83032,133924,4380,56800,51612
"Insurance companies; short-term loans; liability","Currency","1000000","USD",Z1/Z1/FA524141005.Q,FA524141005.Q,27208,17816,3964,-5132,107640
"Insurance companies; short-term loans; liability","Currency","1000000","USD",Z1/Z1/FA524141005.Q,FA524141005.Q,27208,17816,3964,-5132,107640
"General government; loans; liability","Currency","1000000","USD",Z1/Z1/FA364135005.Q,FA364135005.Q,-2391,-446293,973024,932739,123835
"Federal government; total loans; liability","Currency","1000000","USD",Z1/Z1/FA314135005.Q,FA314135005.Q,-411,-452437,966824,928647,129063
"State and local governments; short-term loans; liability","Currency","1000000","USD",Z1/Z1/FA214141005.Q,FA214141005.Q,-1980,6144,6200,4092,-5227
"Households and nonprofit organizations; loans; liability","Currency","1000000","USD",Z1/Z1/FA154135005.Q,FA154135005.Q,410229,812036,850921,623813,530185
"Rest of the world; short-term loans; liability","Currency","1000000","USD",Z1/Z1/FA264141005.Q,FA264141005.Q,1310840,821860,575432,417040,777619
"All domestic sectors; short-term loans; liability","Currency","1000000","USD",Z1/Z1/FA884141005.Q,FA884141005.Q,2159753,1403093,-204781,1932321,2551515
"Nonfinancial business; short-term loans; liability","Currency","1000000","USD",Z1/Z1/FA144141005.Q,FA144141005.Q,253176,514634,239668,85201,638252
"Domestic financial sectors; short-term loans; liability","Currency","1000000","USD",Z1/Z1/FA794141005.Q,FA794141005.Q,1853951,1032554,-1754299,599733,1570399
"Central bank, private depository institutions, and money market funds; short-term loans; liability","Currency","1000000","USD",Z1/Z1/FA844141005.Q,FA844141005.Q,-100829,479286,-2049523,-120691,-30573
"Central bank; security repurchase agreements; liability","Currency","1000000","USD",Z1/Z1/FA712151003.Q,FA712151003.Q,-335164,220428,-1737708,147656,-435208
"Private depository institutions; short-term loans; liability","Currency","1000000","USD",Z1/Z1/FA704141005.Q,FA704141005.Q,234335,258858,-311815,-268347,404635
"Private depository institutions; short-term loans; liability","Currency","1000000","USD",Z1/Z1/FA704141005.Q,FA704141005.Q,234335,258858,-311815,-268347,404635
"Mortgage real estate investment trusts; short-term loans; liability","Currency","1000000","USD",Z1/Z1/FA644141005.Q,FA644141005.Q,46480,50644,89960,113764,57200
"Other financial intermediaries except insurance companies and pension funds; short-term loans; liability","Currency","1000000","USD",Z1/Z1/FA804141005.Q,FA804141005.Q,1881092,484808,201300,611792,1436132
"Other financial intermediaries except insurance companies, pension funds, financial auxiliaries and captive financial institutions and money lenders; short-term loans; liability","Currency","1000000","USD",Z1/Z1/FA604141005.Q,FA604141005.Q,1798060,350884,196920,554992,1384520
"Captive financial institutions and money lenders; short-term loans; liability","Currency","1000000","USD",Z1/Z1/FA774141005.Q,FA774141005.Q,83032,133924,4380,56800,51612
"Insurance companies; short-term loans; liability","Currency","1000000","USD",Z1/Z1/FA524141005.Q,FA524141005.Q,27208,17816,3964,-5132,107640
"Insurance companies; short-term loans; liability","Currency","1000000","USD",Z1/Z1/FA524141005.Q,FA524141005.Q,27208,17816,3964,-5132,107640
"General government; short-term loans; liability","Currency","1000000","USD",Z1/Z1/FA364141005.Q,FA364141005.Q,-2391,-446293,973024,932739,123835
"Federal government; other loans and advances; liability","Currency","1000000","USD",Z1/Z1/FA313169005.Q,FA313169005.Q,-411,-452437,966824,928647,129063
"State and local governments; short-term loans; liability","Currency","1000000","USD",Z1/Z1/FA214141005.Q,FA214141005.Q,-1980,6144,6200,4092,-5227
"Households and nonprofit organizations; short-term loans; liability","Currency","1000000","USD",Z1/Z1/FA154141005.Q,FA154141005.Q,55017,302198,336826,314648,219029
"Rest of the world; short-term loans; liability","Currency","1000000","USD",Z1/Z1/FA264141005.Q,FA264141005.Q,1310840,821860,575432,417040,777619
"All domestic sectors; long-term loans; liability","Currency","1000000","USD",Z1/Z1/FA884142005.Q,FA884142005.Q,556380,761947,855929,628273,593832
"Nonfinancial business; long-term loans; liability","Currency","1000000","USD",Z1/Z1/FA144142005.Q,FA144142005.Q,201168,252109,341835,319108,282676
"Federal government; multifamily residential mortgages; liability","Currency","1000000","USD",Z1/Z1/FA313165403.Q,FA313165403.Q,0,0,0,0,0
"Federal government; multifamily residential mortgages; liability","Currency","1000000","USD",Z1/Z1/FA313165403.Q,FA313165403.Q,0,0,0,0,0
"Households and nonprofit organizations; total mortgages; liability","Currency","1000000","USD",Z1/Z1/FA153165005.Q,FA153165005.Q,355212,509838,514095,309165,311156
"All domestic sectors; equity and investment fund shares; liability (IMA)","Currency","1000000","USD",Z1/Z1/FA883181005.Q,FA883181005.Q,1629796,1028832,839985,2913436,2670540
"Nonfinancial business; equity and investment fund shares excluding mutual fund shares and money market fund shares; liability (IMA)","Currency","1000000","USD",Z1/Z1/FA143181105.Q,FA143181105.Q,-197880,284960,61785,58011,475778
"Domestic financial sectors; equity and investment fund shares; liability (IMA)","Currency","1000000","USD",Z1/Z1/FA793181005.Q,FA793181005.Q,1827676,743872,778200,2855425,2194762
"Central bank, private depository institutions, and money market funds; equity and investment fund shares; liability (IMA)","Currency","1000000","USD",Z1/Z1/FA843181005.Q,FA843181005.Q,1202676,733668,1134703,1533065,867219
"Central bank; equity and investment fund shares; liability (SBS)","Currency","1000000","USD",Z1/Z1/FA713164005.Q,FA713164005.Q,1016,5276,844,744,1992
"Private depository institutions and money market funds; equity and investment fund shares; liability (IMA)","Currency","1000000","USD",Z1/Z1/FA783181005.Q,FA783181005.Q,1201660,728392,1133859,1532321,865227
"Private depository institutions; equity and investment fund shares excluding mutual fund shares and money market fund shares; liability (IMA)","Currency","1000000","USD",Z1/Z1/FA703181105.Q,FA703181105.Q,275088,269248,152872,110804,158144
"Money market funds; total financial assets","Currency","1000000","USD",Z1/Z1/FA634090005.Q,FA634090005.Q,926572,459144,980987,1421517,707083
"Non-MMF investment funds; equity and investment fund shares; liability (IMA)","Currency","1000000","USD",Z1/Z1/FA693181005.Q,FA693181005.Q,809888,457172,-76640,1565988,1595480
"Other financial intermediaries except insurance companies and pension funds; equity and investment fund shares excluding mutual fund shares and money market fund shares; liability (IMA)","Currency","1000000","USD",Z1/Z1/FA803181105.Q,FA803181105.Q,-123376,-430260,-237659,-221152,-220888
"Other financial intermediaries except insurance companies, pension funds, financial auxiliaries and captive financial institutions and money lenders; equity and investment fund shares excluding mutual fund shares and money market fund shares; liability (IMA)","Currency","1000000","USD",Z1/Z1/FA603181105.Q,FA603181105.Q,-92,-224936,-11984,7364,37009
"Captive financial institutions and money lenders; equity and investment fund shares excluding mutual fund shares and money market fund shares; liability (IMA)","Currency","1000000","USD",Z1/Z1/FA773181105.Q,FA773181105.Q,-123284,-205324,-225675,-228516,-257897
"Insurance companies; equity and investment fund shares excluding mutual fund shares and money market fund shares; liability (IMA)","Currency","1000000","USD",Z1/Z1/FA523181105.Q,FA523181105.Q,-61512,-16708,-42204,-22476,-47048
"Insurance companies; equity and investment fund shares excluding mutual fund shares and money market fund shares; liability (IMA)","Currency","1000000","USD",Z1/Z1/FA523181105.Q,FA523181105.Q,-61512,-16708,-42204,-22476,-47048
"Rest of the world; equity and investment fund shares excluding mutual fund shares and money market fund shares; liability (IMA)","Currency","1000000","USD",Z1/Z1/FA263181105.Q,FA263181105.Q,464300,236812,593455,769215,404514
"All domestic sectors; equity and investment fund shares excluding mutual fund shares and money market fund shares; liability (IMA)","Currency","1000000","USD",Z1/Z1/FA883181105.Q,FA883181105.Q,1182728,1188084,1388401,2015607,2251035
"Nonfinancial business; equity and investment fund shares excluding mutual fund shares and money market fund shares; liability (IMA)","Currency","1000000","USD",Z1/Z1/FA143181105.Q,FA143181105.Q,-197880,284960,61785,58011,475778
"Domestic financial sectors; equity and investment fund shares excluding mutual fund shares and money market fund shares; liability (IMA)","Currency","1000000","USD",Z1/Z1/FA793181105.Q,FA793181105.Q,1380608,903124,1326616,1957596,1775257
"Central bank, private depository institutions, and money market funds; equity and investment fund shares excluding mutual fund shares and money market fund shares; liability (IMA)","Currency","1000000","USD",Z1/Z1/FA843181105.Q,FA843181105.Q,276104,274524,153716,111548,160136
"Central bank; equity and investment fund shares; liability (SBS)","Currency","1000000","USD",Z1/Z1/FA713164005.Q,FA713164005.Q,1016,5276,844,744,1992
"Private depository institutions; equity and investment fund shares excluding mutual fund shares and money market fund shares; liability (IMA)","Currency","1000000","USD",Z1/Z1/FA703181105.Q,FA703181105.Q,275088,269248,152872,110804,158144
"Private depository institutions; equity and investment fund shares excluding mutual fund shares and money market fund shares; liability (IMA)","Currency","1000000","USD",Z1/Z1/FA703181105.Q,FA703181105.Q,275088,269248,152872,110804,158144
"Non-MMF investment funds; corporate equities; liability","Currency","1000000","USD",Z1/Z1/FA693164105.Q,FA693164105.Q,1289392,1075568,1452763,2089676,1883057
"Other financial intermediaries except insurance companies and pension funds; equity and investment fund shares excluding mutual fund shares and money market fund shares; liability (IMA)","Currency","1000000","USD",Z1/Z1/FA803181105.Q,FA803181105.Q,-123376,-430260,-237659,-221152,-220888
"Other financial intermediaries except insurance companies, pension funds, financial auxiliaries and captive financial institutions and money lenders; equity and investment fund shares excluding mutual fund shares and money market fund shares; liability (IMA)","Currency","1000000","USD",Z1/Z1/FA603181105.Q,FA603181105.Q,-92,-224936,-11984,7364,37009
"Captive financial institutions and money lenders; equity and investment fund shares excluding mutual fund shares and money market fund shares; liability (IMA)","Currency","1000000","USD",Z1/Z1/FA773181105.Q,FA773181105.Q,-123284,-205324,-225675,-228516,-257897
"Insurance companies; equity and investment fund shares excluding mutual fund shares and money market fund shares; liability (IMA)","Currency","1000000","USD",Z1/Z1/FA523181105.Q,FA523181105.Q,-61512,-16708,-42204,-22476,-47048
"Insurance companies; equity and investment fund shares excluding mutual fund shares and money market fund shares; liability (IMA)","Currency","1000000","USD",Z1/Z1/FA523181105.Q,FA523181105.Q,-61512,-16708,-42204,-22476,-47048
"Rest of the world; equity and investment fund shares excluding mutual fund shares and money market fund shares; liability (IMA)","Currency","1000000","USD",Z1/Z1/FA263181105.Q,FA263181105.Q,464300,236812,593455,769215,404514
"All domestic sectors; corporate equities; liability","Currency","1000000","USD",Z1/Z1/FA883164105.Q,FA883164105.Q,555896,773248,880908,1692832,1757632
"Nonfinancial corporate business; corporate equities; liability","Currency","1000000","USD",Z1/Z1/FA103164105.Q,FA103164105.Q,-496556,-123100,-380952,-215656,124412
"Domestic financial sectors; corporate equities; liability","Currency","1000000","USD",Z1/Z1/FA793164105.Q,FA793164105.Q,1052452,896348,1261860,1908488,1633220
"U.S.-chartered depository institutions; corporate equities; liability","Currency","1000000","USD",Z1/Z1/FA763164105.Q,FA763164105.Q,-13336,2232,2716,6024,-11328
"U.S.-chartered depository institutions; corporate equities; liability","Currency","1000000","USD",Z1/Z1/FA763164105.Q,FA763164105.Q,-13336,2232,2716,6024,-11328
"U.S.-chartered depository institutions; corporate equities; liability","Currency","1000000","USD",Z1/Z1/FA763164105.Q,FA763164105.Q,-13336,2232,2716,6024,-11328
"Non-MMF investment funds; corporate equities; liability","Currency","1000000","USD",Z1/Z1/FA693164105.Q,FA693164105.Q,1289392,1075568,1452763,2089676,1883057
"Other financial intermediaries except insurance companies and pension funds; corporate equities; liability","Currency","1000000","USD",Z1/Z1/FA803164105.Q,FA803164105.Q,-166656,-151396,-158211,-154732,-192145
"Other financial intermediaries except insurance companies, pension funds, financial auxiliaries and captive financial institutions and money lenders; corporate equities; liability","Currency","1000000","USD",Z1/Z1/FA603164105.Q,FA603164105.Q,916,-10936,-4204,18628,-8512
"Captive financial institutions and money lenders; corporate equities; liability","Currency","1000000","USD",Z1/Z1/FA773164105.Q,FA773164105.Q,-167572,-140460,-154007,-173360,-183633
"Insurance companies; corporate equities; liability","Currency","1000000","USD",Z1/Z1/FA523164105.Q,FA523164105.Q,-56948,-30056,-35408,-32480,-46364
"Insurance companies; corporate equities; liability","Currency","1000000","USD",Z1/Z1/FA523164105.Q,FA523164105.Q,-56948,-30056,-35408,-32480,-46364
"Rest of the world; foreign corporate equities including foreign investment fund shares; liability","Currency","1000000","USD",Z1/Z1/FA263164100.Q,FA263164100.Q,91468,56648,242755,75099,61833
"All domestic sectors; other equity; liability (IMA)","Currency","1000000","USD",Z1/Z1/FA883181115.Q,FA883181115.Q,626832,414836,507493,322775,493403
"Nonfinancial business; other equity; liability (IMA)","Currency","1000000","USD",Z1/Z1/FA143181115.Q,FA143181115.Q,298676,408060,442737,273667,351366
"Domestic financial sectors; other equity; liability (IMA)","Currency","1000000","USD",Z1/Z1/FA793181115.Q,FA793181115.Q,328156,6776,64756,49108,142037
"Central bank, private depository institutions, and money market funds; other equity; liability (IMA)","Currency","1000000","USD",Z1/Z1/FA843181115.Q,FA843181115.Q,289440,272292,151000,105524,171464
"Central bank; equity and investment fund shares; liability (SBS)","Currency","1000000","USD",Z1/Z1/FA713164005.Q,FA713164005.Q,1016,5276,844,744,1992
"Private depository institutions; other equity; liability (IMA)","Currency","1000000","USD",Z1/Z1/FA703181115.Q,FA703181115.Q,288424,267016,150156,104780,169472
"Private depository institutions; other equity; liability (IMA)","Currency","1000000","USD",Z1/Z1/FA703181115.Q,FA703181115.Q,288424,267016,150156,104780,169472
"Other financial intermediaries except insurance companies and pension funds; other equity; liability (IMA)","Currency","1000000","USD",Z1/Z1/FA803181115.Q,FA803181115.Q,43280,-278864,-79448,-66420,-28743
"Other financial intermediaries except insurance companies, pension funds, financial auxiliaries and captive financial institutions and money lenders; other equity; liability (IMA)","Currency","1000000","USD",Z1/Z1/FA603181115.Q,FA603181115.Q,-1008,-214000,-7780,-11264,45521
"Captive financial institutions and money lenders; other equity; liability (IMA)","Currency","1000000","USD",Z1/Z1/FA773181115.Q,FA773181115.Q,44288,-64864,-71668,-55156,-74264
"Insurance companies; other equity; liability (IMA)","Currency","1000000","USD",Z1/Z1/FA523181115.Q,FA523181115.Q,-4564,13348,-6796,10004,-684
"Insurance companies; other equity; liability (IMA)","Currency","1000000","USD",Z1/Z1/FA523181115.Q,FA523181115.Q,-4564,13348,-6796,10004,-684
"Rest of the world; other equity; liability (IMA)","Currency","1000000","USD",Z1/Z1/FA263181115.Q,FA263181115.Q,372832,180164,350700,694116,342680
"Domestic financial sectors; mutual fund and money market fund shares; liability","Currency","1000000","USD",Z1/Z1/FA793181205.Q,FA793181205.Q,447068,-159252,-548416,897829,419505
"Domestic financial sectors; mutual fund and money market fund shares; liability","Currency","1000000","USD",Z1/Z1/FA793181205.Q,FA793181205.Q,447068,-159252,-548416,897829,419505
"Money market funds; total financial assets","Currency","1000000","USD",Z1/Z1/FA634090005.Q,FA634090005.Q,926572,459144,980987,1421517,707083
"Money market funds; total financial assets","Currency","1000000","USD",Z1/Z1/FA634090005.Q,FA634090005.Q,926572,459144,980987,1421517,707083
"Money market funds; total financial assets","Currency","1000000","USD",Z1/Z1/FA634090005.Q,FA634090005.Q,926572,459144,980987,1421517,707083
"Mutual funds; mutual fund shares; liability","Currency","1000000","USD",Z1/Z1/FA653164205.Q,FA653164205.Q,-479504,-618396,-1529403,-523688,-287577
"Money market funds; total financial assets","Currency","1000000","USD",Z1/Z1/FA634090005.Q,FA634090005.Q,926572,459144,980987,1421517,707083
"Money market funds; total financial assets","Currency","1000000","USD",Z1/Z1/FA634090005.Q,FA634090005.Q,926572,459144,980987,1421517,707083
"Money market funds; total financial assets","Currency","1000000","USD",Z1/Z1/FA634090005.Q,FA634090005.Q,926572,459144,980987,1421517,707083
"Money market funds; total financial assets","Currency","1000000","USD",Z1/Z1/FA634090005.Q,FA634090005.Q,926572,459144,980987,1421517,707083
"Money market funds; total financial assets","Currency","1000000","USD",Z1/Z1/FA634090005.Q,FA634090005.Q,926572,459144,980987,1421517,707083
"Mutual funds; mutual fund shares; liability","Currency","1000000","USD",Z1/Z1/FA653164205.Q,FA653164205.Q,-479504,-618396,-1529403,-523688,-287577
"Mutual funds; mutual fund shares; liability","Currency","1000000","USD",Z1/Z1/FA653164205.Q,FA653164205.Q,-479504,-618396,-1529403,-523688,-287577
"Mutual funds; mutual fund shares; liability","Currency","1000000","USD",Z1/Z1/FA653164205.Q,FA653164205.Q,-479504,-618396,-1529403,-523688,-287577
"All domestic sectors; insurance, pension and standardized guarantee schemes; liability","Currency","1000000","USD",Z1/Z1/FA883152005.Q,FA883152005.Q,838909,1361651,-110768,143273,781661
"Nonfinancial corporate business; retirement entitlements; liability (IMA)","Currency","1000000","USD",Z1/Z1/FA103152025.Q,FA103152025.Q,145182,154252,152689,159617,130896
"Insurance companies and pension funds; insurance, pension and standardized guarantee schemes; liability (IMA)","Currency","1000000","USD",Z1/Z1/FA583152005.Q,FA583152005.Q,289296,397406,358105,434679,364105
"Insurance companies and pension funds; insurance, pension and standardized guarantee schemes; liability (IMA)","Currency","1000000","USD",Z1/Z1/FA583152005.Q,FA583152005.Q,289296,397406,358105,434679,364105
"Insurance companies; insurance, pension and standardized guarantee schemes; liability (IMA)","Currency","1000000","USD",Z1/Z1/FA523152005.Q,FA523152005.Q,38600,69836,85796,83488,85080
"Pension funds; total liabilities","Currency","1000000","USD",Z1/Z1/FA594190005.Q,FA594190005.Q,250696,327570,272309,351191,279025
"General government; insurance, pension and standardized guarantee schemes; liability","Currency","1000000","USD",Z1/Z1/FA363152005.Q,FA363152005.Q,392759,811701,-610350,-457986,267840
"Federal government; insurance, pension and standardized guarantee schemes; liability (IMA)","Currency","1000000","USD",Z1/Z1/FA313152005.Q,FA313152005.Q,135260,552839,-869200,-716837,8876
"State and local government employee defined benefit pension funds; claims of pension fund on sponsor; asset","Currency","1000000","USD",Z1/Z1/FA223073045.Q,FA223073045.Q,257499,258862,258850,258851,258964
"Life insurance companies, general accounts; deferred and unpaid life insurance premiums; asset","Currency","1000000","USD",Z1/Z1/FA543077073.Q,FA543077073.Q,11672,-1708,-11212,6964,18820
"Rest of the world; insurance, pension and standardized guarantee schemes; liability","Currency","1000000","USD",Z1/Z1/FA263152005.Q,FA263152005.Q,-13464,-13460,-13472,-13468,34080
"Insurance companies; non-life insurance technical reserves; liability (IMA)","Currency","1000000","USD",Z1/Z1/FA523152105.Q,FA523152105.Q,131544,92868,74928,8724,20264
"Insurance companies; non-life insurance technical reserves; liability (IMA)","Currency","1000000","USD",Z1/Z1/FA523152105.Q,FA523152105.Q,131544,92868,74928,8724,20264
"Insurance companies; non-life insurance technical reserves; liability (IMA)","Currency","1000000","USD",Z1/Z1/FA523152105.Q,FA523152105.Q,131544,92868,74928,8724,20264
"Insurance companies; non-life insurance technical reserves; liability (IMA)","Currency","1000000","USD",Z1/Z1/FA523152105.Q,FA523152105.Q,131544,92868,74928,8724,20264
"Rest of the world; non-life insurance technical reserves; liability (IMA)","Currency","1000000","USD",Z1/Z1/FA263152105.Q,FA263152105.Q,-4,-4,-8,-4,416
"All domestic sectors; life insurance and annuity entitlements; liability (IMA)","Currency","1000000","USD",Z1/Z1/FA883152205.Q,FA883152205.Q,-81844,-28920,5044,78024,89940
"Life insurance companies; life insurance reserves and annuity entitlements; liability (IMA)","Currency","1000000","USD",Z1/Z1/FA543152205.Q,FA543152205.Q,-97984,-27560,11332,70520,67020
"Life insurance companies; life insurance reserves and annuity entitlements; liability (IMA)","Currency","1000000","USD",Z1/Z1/FA543152205.Q,FA543152205.Q,-97984,-27560,11332,70520,67020
"Life insurance companies; life insurance reserves and annuity entitlements; liability (IMA)","Currency","1000000","USD",Z1/Z1/FA543152205.Q,FA543152205.Q,-97984,-27560,11332,70520,67020
"Federal government; life insurance reserves; liability","Currency","1000000","USD",Z1/Z1/FA313140003.Q,FA313140003.Q,4468,348,4924,540,4100
"Federal government; life insurance reserves; liability","Currency","1000000","USD",Z1/Z1/FA313140003.Q,FA313140003.Q,4468,348,4924,540,4100
"Life insurance companies, general accounts; deferred and unpaid life insurance premiums; asset","Currency","1000000","USD",Z1/Z1/FA543077073.Q,FA543077073.Q,11672,-1708,-11212,6964,18820
"Rest of the world; life insurance reserves and annuity entitlements; liability (IMA)","Currency","1000000","USD",Z1/Z1/FA263152205.Q,FA263152205.Q,-13460,-13456,-13464,-13464,33664
"All domestic sectors; retirement entitlements; asset (IMA)","Currency","1000000","USD",Z1/Z1/FA883052025.Q,FA883052025.Q,789209,1297703,-190740,56525,671457
"Nonfinancial corporate business; retirement entitlements; liability (IMA)","Currency","1000000","USD",Z1/Z1/FA103152025.Q,FA103152025.Q,145182,154252,152689,159617,130896
"Insurance companies and pension funds; pension entitlements; liability (IMA)","Currency","1000000","USD",Z1/Z1/FA583152305.Q,FA583152305.Q,255736,332098,271845,355435,276821
"Insurance companies and pension funds; pension entitlements; liability (IMA)","Currency","1000000","USD",Z1/Z1/FA583152305.Q,FA583152305.Q,255736,332098,271845,355435,276821
"Pension funds; unallocated insurance contracts; asset","Currency","1000000","USD",Z1/Z1/FA593095005.Q,FA593095005.Q,5040,4528,-464,4244,-2204
"Pension funds; total liabilities","Currency","1000000","USD",Z1/Z1/FA594190005.Q,FA594190005.Q,250696,327570,272309,351191,279025
"General government; retirement entitlements; liability (IMA)","Currency","1000000","USD",Z1/Z1/FA363152025.Q,FA363152025.Q,388291,811353,-615274,-458526,263740
"Federal government; retirement entitlements; liability","Currency","1000000","USD",Z1/Z1/FA313152025.Q,FA313152025.Q,130792,552491,-874124,-717377,4776
"State and local government employee defined benefit pension funds; claims of pension fund on sponsor; asset","Currency","1000000","USD",Z1/Z1/FA223073045.Q,FA223073045.Q,257499,258862,258850,258851,258964
"All domestic sectors; pension entitlements; liability","Currency","1000000","USD",Z1/Z1/FA883152305.Q,FA883152305.Q,258544,334194,277937,358231,281105
"Private pension funds; pension fund contributions receivable; asset","Currency","1000000","USD",Z1/Z1/FA573074005.Q,FA573074005.Q,2808,2096,6092,2796,4284
"Insurance companies and pension funds; pension entitlements; liability (IMA)","Currency","1000000","USD",Z1/Z1/FA583152305.Q,FA583152305.Q,255736,332098,271845,355435,276821
"Insurance companies and pension funds; pension entitlements; liability (IMA)","Currency","1000000","USD",Z1/Z1/FA583152305.Q,FA583152305.Q,255736,332098,271845,355435,276821
"Pension funds; unallocated insurance contracts; asset","Currency","1000000","USD",Z1/Z1/FA593095005.Q,FA593095005.Q,5040,4528,-464,4244,-2204
"Pension funds; total liabilities","Currency","1000000","USD",Z1/Z1/FA594190005.Q,FA594190005.Q,250696,327570,272309,351191,279025
"Pension funds; claims of pension fund on sponsor; asset","Currency","1000000","USD",Z1/Z1/FA593073005.Q,FA593073005.Q,512888,947105,-492872,-384212,374283
"Private defined benefit pension funds; claims of pension fund on sponsor; asset","Currency","1000000","USD",Z1/Z1/FA573073005.Q,FA573073005.Q,142374,152156,146597,156821,126612
"General government; claims of pension fund on sponsor; liability","Currency","1000000","USD",Z1/Z1/FA363173005.Q,FA363173005.Q,370514,794949,-639469,-541033,247671
"Federal government defined benefit pension funds; claims of pension funds on sponsor; asset","Currency","1000000","USD",Z1/Z1/FA343073045.Q,FA343073045.Q,113015,536087,-898319,-799884,-11293
"State and local government employee defined benefit pension funds; claims of pension fund on sponsor; asset","Currency","1000000","USD",Z1/Z1/FA223073045.Q,FA223073045.Q,257499,258862,258850,258851,258964
"Federal government; retiree health care funds; liability","Currency","1000000","USD",Z1/Z1/FA313195105.Q,FA313195105.Q,17777,16404,24195,82507,16069
"Federal government; retiree health care funds; liability","Currency","1000000","USD",Z1/Z1/FA313195105.Q,FA313195105.Q,17777,16404,24195,82507,16069
"Federal government; retiree health care funds; liability","Currency","1000000","USD",Z1/Z1/FA313195105.Q,FA313195105.Q,17777,16404,24195,82507,16069
"All domestic sectors; other accounts payable; liability (IMA)","Currency","1000000","USD",Z1/Z1/FA883196005.Q,FA883196005.Q,973727,2678629,2164316,2938178,3262279
"Nonfinancial business; other accounts payable; liability (IMA)","Currency","1000000","USD",Z1/Z1/FA143196005.Q,FA143196005.Q,218690,1098856,888851,2641063,1796913
"Domestic financial sectors; other accounts payable; liability (IMA)","Currency","1000000","USD",Z1/Z1/FA793196005.Q,FA793196005.Q,599625,1401565,1086986,145722,566465
"Central bank, private depository institutions, and money market funds; miscellaneous and taxes payable; liability (IMA)","Currency","1000000","USD",Z1/Z1/FA843196105.Q,FA843196105.Q,-22795,-208404,83747,97787,162287
"Central bank; unidentified miscellaneous liabilities","Currency","1000000","USD",Z1/Z1/FA713193005.Q,FA713193005.Q,-81956,-43484,-40504,53969,-48507
"Private depository institutions; other accounts payable; liability (IMA)","Currency","1000000","USD",Z1/Z1/FA703196005.Q,FA703196005.Q,59161,-164920,124251,43817,210793
"Private depository institutions; other accounts payable; liability (IMA)","Currency","1000000","USD",Z1/Z1/FA703196005.Q,FA703196005.Q,59161,-164920,124251,43817,210793
"Mortgage real estate investment trusts; unidentified miscellaneous liabilities","Currency","1000000","USD",Z1/Z1/FA643193075.Q,FA643193075.Q,5504,20444,1988,-26516,9864
"Other financial intermediaries except insurance companies and pension funds; other accounts payable; liability (IMA)","Currency","1000000","USD",Z1/Z1/FA803196005.Q,FA803196005.Q,415592,1165473,442860,139723,293038
"Other financial intermediaries except insurance companies, pension funds, financial auxiliaries and captive financial institutions and money lenders; other accounts payable; liability (IMA)","Currency","1000000","USD",Z1/Z1/FA603196005.Q,FA603196005.Q,38839,833898,472407,65565,143756
"Captive financial institutions and money lenders; other accounts payable; liability (IMA)","Currency","1000000","USD",Z1/Z1/FA773196005.Q,FA773196005.Q,376753,331575,-29547,74158,149282
"Insurance companies; other accounts payable; liability","Currency","1000000","USD",Z1/Z1/FA523196005.Q,FA523196005.Q,201324,424052,558392,-65272,101276
"Insurance companies; other accounts payable; liability","Currency","1000000","USD",Z1/Z1/FA523196005.Q,FA523196005.Q,201324,424052,558392,-65272,101276
"General government; other accounts payable; liability","Currency","1000000","USD",Z1/Z1/FA363196005.Q,FA363196005.Q,138208,161004,171275,134189,881102
"Federal government; other accounts payable; liability (IMA)","Currency","1000000","USD",Z1/Z1/FA313196005.Q,FA313196005.Q,63240,85508,94231,56073,801094
"State and local governments; trade payables; liability","Currency","1000000","USD",Z1/Z1/FA213170003.Q,FA213170003.Q,74968,75496,77044,78116,80008
"Nonprofit organizations; trade payables; liability","Currency","1000000","USD",Z1/Z1/FA163170005.Q,FA163170005.Q,17204,17204,17204,17204,17800
"Rest of the world; other accounts payable; liability (IMA)","Currency","1000000","USD",Z1/Z1/FA263196005.Q,FA263196005.Q,-132460,-203028,-34240,203304,117051
"All domestic sectors; trade credits and advances; liability (IMA)","Currency","1000000","USD",Z1/Z1/FA883196205.Q,FA883196205.Q,1127961,564930,599499,387333,1448837
"Nonfinancial business; trade payables; liability","Currency","1000000","USD",Z1/Z1/FA143170005.Q,FA143170005.Q,706097,358454,312536,355964,924259
"Domestic financial sectors; trade credits and advances; liability (IMA)","Currency","1000000","USD",Z1/Z1/FA793196205.Q,FA793196205.Q,288744,52588,128912,-100212,316500
"Other financial intermediaries except insurance companies and pension funds; trade credits and advances; liability (IMA)","Currency","1000000","USD",Z1/Z1/FA803196205.Q,FA803196205.Q,302608,66444,142784,-86484,284664
"Security brokers and dealers; trade credits and advances; liability (IMA)","Currency","1000000","USD",Z1/Z1/FA663196205.Q,FA663196205.Q,14120,-2084,1136,4872,19788
"Security brokers and dealers; securities borrowed (net); asset","Currency","1000000","USD",Z1/Z1/FA663070675.Q,FA663070675.Q,288488,68528,141648,-91356,264876
"Insurance companies; trade payables to reinsurers; liability","Currency","1000000","USD",Z1/Z1/FA523170005.Q,FA523170005.Q,-13864,-13856,-13872,-13728,31836
"Insurance companies; trade payables to reinsurers; liability","Currency","1000000","USD",Z1/Z1/FA523170005.Q,FA523170005.Q,-13864,-13856,-13872,-13728,31836
"General government; trade payables; liability","Currency","1000000","USD",Z1/Z1/FA363170005.Q,FA363170005.Q,115916,136684,140847,114377,190278
"Federal government; trade payables; liability","Currency","1000000","USD",Z1/Z1/FA313170005.Q,FA313170005.Q,40948,61188,63803,36261,110270
"State and local governments; trade payables; liability","Currency","1000000","USD",Z1/Z1/FA213170003.Q,FA213170003.Q,74968,75496,77044,78116,80008
"Nonprofit organizations; trade payables; liability","Currency","1000000","USD",Z1/Z1/FA163170005.Q,FA163170005.Q,17204,17204,17204,17204,17800
"Rest of the world; trade credit and advances; liability","Currency","1000000","USD",Z1/Z1/FA263170005.Q,FA263170005.Q,-3216,-5872,17764,-24648,-23392
"All domestic sectors; miscellaneous and taxes payable; liability (IMA)","Currency","1000000","USD",Z1/Z1/FA883196105.Q,FA883196105.Q,-154234,2113699,1564817,2550845,1813443
"Nonfinancial business; miscellaneous and taxes payable; liability (IMA)","Currency","1000000","USD",Z1/Z1/FA143196105.Q,FA143196105.Q,-487407,740402,576315,2285099,872654
"Domestic financial sectors; miscellaneous and taxes payable; liability (IMA)","Currency","1000000","USD",Z1/Z1/FA793196105.Q,FA793196105.Q,310881,1348977,958074,245934,249965
"Central bank, private depository institutions, and money market funds; miscellaneous and taxes payable; liability (IMA)","Currency","1000000","USD",Z1/Z1/FA843196105.Q,FA843196105.Q,-22795,-208404,83747,97787,162287
"Central bank; unidentified miscellaneous liabilities","Currency","1000000","USD",Z1/Z1/FA713193005.Q,FA713193005.Q,-81956,-43484,-40504,53969,-48507
"Private depository institutions; other accounts payable; liability (IMA)","Currency","1000000","USD",Z1/Z1/FA703196005.Q,FA703196005.Q,59161,-164920,124251,43817,210793
"Private depository institutions; other accounts payable; liability (IMA)","Currency","1000000","USD",Z1/Z1/FA703196005.Q,FA703196005.Q,59161,-164920,124251,43817,210793
"Mortgage real estate investment trusts; unidentified miscellaneous liabilities","Currency","1000000","USD",Z1/Z1/FA643193075.Q,FA643193075.Q,5504,20444,1988,-26516,9864
"Other financial intermediaries except insurance companies and pension funds; miscellaneous and taxes payable; liability (IMA)","Currency","1000000","USD",Z1/Z1/FA803196105.Q,FA803196105.Q,112984,1099029,300076,226207,8374
"Other financial intermediaries except insurance companies, pension funds, financial auxiliaries and captive financial institutions and money lenders; miscellaneous and taxes payable; liability (IMA)","Currency","1000000","USD",Z1/Z1/FA603196105.Q,FA603196105.Q,24719,835982,471271,60693,123968
"Captive financial institutions and money lenders; miscellaneous; liability (IMA)","Currency","1000000","USD",Z1/Z1/FA773196105.Q,FA773196105.Q,88265,263047,-171195,165514,-115594
"Insurance companies; miscellaneous and taxes payable; liability (IMA)","Currency","1000000","USD",Z1/Z1/FA523196105.Q,FA523196105.Q,215188,437908,572264,-51544,69440
"Insurance companies; miscellaneous and taxes payable; liability (IMA)","Currency","1000000","USD",Z1/Z1/FA523196105.Q,FA523196105.Q,215188,437908,572264,-51544,69440
"Federal government; miscellaneous and taxes payable including SDR certificates; liability (IMA)","Currency","1000000","USD",Z1/Z1/FA313196105.Q,FA313196105.Q,22292,24320,30428,19812,690824
"Federal government; miscellaneous and taxes payable including SDR certificates; liability (IMA)","Currency","1000000","USD",Z1/Z1/FA313196105.Q,FA313196105.Q,22292,24320,30428,19812,690824
"Rest of the world; miscellaneous and taxes payable; liability (Integrated Macroeconomic Accounts)","Currency","1000000","USD",Z1/Z1/FA263196105.Q,FA263196105.Q,-129244,-197156,-52004,227952,140443
"All domestic sectors; net lending (+) or borrowing (-) (financial account)","Currency","1000000","USD",Z1/Z1/FA885000005.Q,FA885000005.Q,1149442,-750027,-1237912,-880794,1169689
"Nonfinancial business; net lending (+) or borrowing (-) (financial account)","Currency","1000000","USD",Z1/Z1/FA145000005.Q,FA145000005.Q,259879,-804503,-767717,526509,980680
"Domestic financial sectors; net lending (+) or borrowing (-) (financial account)","Currency","1000000","USD",Z1/Z1/FA795000005.Q,FA795000005.Q,1012094,437198,386915,127729,947742
"Central bank, private depository institutions, and money market funds; net lending (+) or borrowing (-) (financial account)","Currency","1000000","USD",Z1/Z1/FA845000005.Q,FA845000005.Q,559649,-277037,120117,-340439,251002
"Central bank; net lending (+) or borrowing (-) (financial account)","Currency","1000000","USD",Z1/Z1/FA715000005.Q,FA715000005.Q,-508,104,-132,-232,-80
"Private depository institutions and money market funds; net lending (+) or borrowing (-) (financial account)","Currency","1000000","USD",Z1/Z1/FA785000005.Q,FA785000005.Q,560157,-277141,120249,-340207,251082
"Private depository institutions; net lending (+) or borrowing (-) (financial account)","Currency","1000000","USD",Z1/Z1/FA705000005.Q,FA705000005.Q,560157,-277141,120249,-340207,251082
"Non-MMF investment funds; net lending (+) or borrowing (-) (financial account)","Currency","1000000","USD",Z1/Z1/FA695000005.Q,FA695000005.Q,0,0,0,0,0
"Other financial intermediaries except insurance companies and pension funds; net lending (+) or borrowing (-) (financial account)","Currency","1000000","USD",Z1/Z1/FA805000005.Q,FA805000005.Q,454608,630661,227621,470574,580993
"Other financial intermediaries except insurance companies, pension funds, financial auxiliaries and captive financial institutions and money lenders; net lending (+) or borrowing (-) (financial account)","Currency","1000000","USD",Z1/Z1/FA605000005.Q,FA605000005.Q,207626,363242,-115413,147593,226707
"Captive financial institutions and money lenders; net lending (+) or borrowing (-) (financial account)","Currency","1000000","USD",Z1/Z1/FA775000005.Q,FA775000005.Q,246982,267419,343034,322981,354286
"Insurance companies and pension funds; net lending (+) or borrowing (-) (financial account)","Currency","1000000","USD",Z1/Z1/FA585000005.Q,FA585000005.Q,-2163,83574,39178,-2407,115747
"Insurance companies; net lending (+) or borrowing (-) (financial account)","Currency","1000000","USD",Z1/Z1/FA525000005.Q,FA525000005.Q,4128,89840,45407,3673,121963
"Pension funds; net lending (+) or borrowing (-) (financial account)","Currency","1000000","USD",Z1/Z1/FA595000005.Q,FA595000005.Q,-6291,-6266,-6229,-6080,-6216
"General government; net lending (+) or borrowing (-) (financial account)","Currency","1000000","USD",Z1/Z1/FA365000005.Q,FA365000005.Q,-2625500,-1351091,-2553106,-1969882,-3004742
"Federal government; net lending (+) or borrowing (-) (financial account)","Currency","1000000","USD",Z1/Z1/FA315000005.Q,FA315000005.Q,-2281053,-1083650,-2163708,-1593949,-2670491
"State and local governments; net lending (+) or borrowing (-) (financial account)","Currency","1000000","USD",Z1/Z1/FA215000005.Q,FA215000005.Q,-344447,-267441,-389398,-375933,-334250
"Households and nonprofit organizations; net lending (+) or borrowing (-) (financial account)","Currency","1000000","USD",Z1/Z1/FA155000005.Q,FA155000005.Q,2502969,968369,1695997,434850,2246009
"Rest of the world; net lending (+) or borrowing (-) (financial account)","Currency","1000000","USD",Z1/Z1/FA265000005.Q,FA265000005.Q,791132,1303276,1459399,-344155,1057846